"Test","Kind","ExpectedError","Rejected","Pass","Message"
"valid_complete_designs","fold_contract",FALSE,FALSE,TRUE,"accepted"
"valid_reordered_designs","fold_contract",FALSE,FALSE,TRUE,"accepted"
"valid_shuffled_species_rows","fold_contract",FALSE,FALSE,TRUE,"accepted"
"valid_double_integer_fold_ids","fold_contract",FALSE,FALSE,TRUE,"accepted"
"valid_factor_species_labels","fold_contract",FALSE,FALSE,TRUE,"accepted"
"missing_tenfold","fold_contract",TRUE,FALSE,FALSE,"accepted"
"missing_fivefold","fold_contract",TRUE,FALSE,FALSE,"accepted"
"unnamed_designs","fold_contract",TRUE,FALSE,FALSE,"accepted"
"empty_designs","fold_contract",TRUE,TRUE,TRUE,"Invalid fold designs"
"unknown_design","fold_contract",TRUE,TRUE,TRUE,"Invalid fold designs"
"empty_design_name","fold_contract",TRUE,TRUE,TRUE,"Invalid fold designs"
"NA_design_name","fold_contract",TRUE,TRUE,TRUE,"Invalid fold designs"
"duplicate_design_name","fold_contract",TRUE,FALSE,FALSE,"accepted"
"NA_fold_fivefold_binary","fold_contract",TRUE,FALSE,FALSE,"accepted"
"NaN_fold_fivefold_binary","fold_contract",TRUE,FALSE,FALSE,"accepted"
"NA_fold_fivefold_joint_bb","fold_contract",TRUE,FALSE,FALSE,"accepted"
"NaN_fold_fivefold_joint_bb","fold_contract",TRUE,FALSE,FALSE,"accepted"
"NA_fold_tenfold_binary","fold_contract",TRUE,FALSE,FALSE,"accepted"
"NaN_fold_tenfold_binary","fold_contract",TRUE,FALSE,FALSE,"accepted"
"NA_fold_tenfold_joint_bb","fold_contract",TRUE,FALSE,FALSE,"accepted"
"NaN_fold_tenfold_joint_bb","fold_contract",TRUE,FALSE,FALSE,"accepted"
"invalid_fold_-Inf","fold_contract",TRUE,TRUE,TRUE,"Fold IDs are incomplete for fivefold/binary"
"invalid_fold_Inf","fold_contract",TRUE,TRUE,TRUE,"Fold IDs are incomplete for fivefold/binary"
"invalid_fold_0","fold_contract",TRUE,TRUE,TRUE,"Fold IDs are incomplete for fivefold/binary"
"invalid_fold_-1","fold_contract",TRUE,TRUE,TRUE,"Fold IDs are incomplete for fivefold/binary"
"invalid_fold_1.5","fold_contract",TRUE,TRUE,TRUE,"Fold IDs are incomplete for fivefold/binary"
"invalid_fold_11","fold_contract",TRUE,TRUE,TRUE,"Fold IDs are incomplete for fivefold/binary"
"character_fold_rejected","fold_contract",TRUE,FALSE,FALSE,"accepted"
"factor_fold_rejected","fold_contract",TRUE,FALSE,FALSE,"accepted"
"missing_fold_column","fold_contract",TRUE,TRUE,TRUE,"Malformed fold table for fivefold/binary"
"non_dataframe_table","fold_contract",TRUE,FALSE,FALSE,"accepted"
"missing_fold_id","fold_contract",TRUE,TRUE,TRUE,"Fold IDs are incomplete for fivefold/binary"
"duplicate_species_same_fold","fold_contract",TRUE,TRUE,TRUE,"Fold species universe does not match route for fivefold/binary"
"duplicate_species_conflicting_fold","fold_contract",TRUE,TRUE,TRUE,"Fold species universe does not match route for fivefold/binary"
"NA_species","fold_contract",TRUE,TRUE,TRUE,"Fold species universe does not match route for fivefold/binary"
"empty_species","fold_contract",TRUE,TRUE,TRUE,"Fold species universe does not match route for fivefold/binary"
"missing_species","fold_contract",TRUE,TRUE,TRUE,"Fold species universe does not match route for fivefold/binary"
"unknown_species","fold_contract",TRUE,TRUE,TRUE,"Fold species universe does not match route for fivefold/binary"
"missing_route","fold_contract",TRUE,TRUE,TRUE,"Fold tables are missing route joint_bb or binary for fivefold"
"duplicate_route_name","fold_contract",TRUE,FALSE,FALSE,"accepted"
"duplicate_column_name","fold_contract",TRUE,FALSE,FALSE,"accepted"
"configured_twofold_test_design","fold_contract",FALSE,FALSE,TRUE,"accepted"
"valid_joint_record_equal","joint_range",FALSE,FALSE,TRUE,"accepted"
"prediction_record_equal_count_-0.2","joint_range",TRUE,FALSE,FALSE,"accepted"
"prediction_record_equal_count_1.2","joint_range",TRUE,FALSE,FALSE,"accepted"
"prediction_record_equal_count_-2.22044604925031e-16","joint_range",TRUE,FALSE,FALSE,"accepted"
"prediction_record_equal_count_1","joint_range",TRUE,FALSE,FALSE,"accepted"
"prediction_record_equal_count_NA","joint_range",TRUE,TRUE,TRUE,"Nonfinite joint point inputs; records: r1"
"prediction_record_equal_count_NaN","joint_range",TRUE,TRUE,TRUE,"Nonfinite joint point inputs; records: r1"
"prediction_record_equal_count_Inf","joint_range",TRUE,TRUE,TRUE,"Nonfinite joint point inputs; records: r1"
"prediction_record_equal_count_-Inf","joint_range",TRUE,TRUE,TRUE,"Nonfinite joint point inputs; records: r1"
"prediction_record_equal_exact_-0.2","joint_range",TRUE,FALSE,FALSE,"accepted"
"prediction_record_equal_exact_1.2","joint_range",TRUE,FALSE,FALSE,"accepted"
"prediction_record_equal_exact_-2.22044604925031e-16","joint_range",TRUE,FALSE,FALSE,"accepted"
"prediction_record_equal_exact_1","joint_range",TRUE,FALSE,FALSE,"accepted"
"prediction_record_equal_exact_NA","joint_range",TRUE,TRUE,TRUE,"Nonfinite joint point inputs; records: r2"
"prediction_record_equal_exact_NaN","joint_range",TRUE,TRUE,TRUE,"Nonfinite joint point inputs; records: r2"
"prediction_record_equal_exact_Inf","joint_range",TRUE,TRUE,TRUE,"Nonfinite joint point inputs; records: r2"
"prediction_record_equal_exact_-Inf","joint_range",TRUE,TRUE,TRUE,"Nonfinite joint point inputs; records: r2"
"prediction_record_equal_interval_-0.2","joint_range",TRUE,FALSE,FALSE,"accepted"
"prediction_record_equal_interval_1.2","joint_range",TRUE,FALSE,FALSE,"accepted"
"prediction_record_equal_interval_-2.22044604925031e-16","joint_range",TRUE,FALSE,FALSE,"accepted"
"prediction_record_equal_interval_1","joint_range",TRUE,FALSE,FALSE,"accepted"
"prediction_record_equal_interval_NA","joint_range",TRUE,TRUE,TRUE,"Nonfinite joint point inputs; records: r4"
"prediction_record_equal_interval_NaN","joint_range",TRUE,TRUE,TRUE,"Nonfinite joint point inputs; records: r4"
"prediction_record_equal_interval_Inf","joint_range",TRUE,TRUE,TRUE,"Nonfinite joint point inputs; records: r4"
"prediction_record_equal_interval_-Inf","joint_range",TRUE,TRUE,TRUE,"Nonfinite joint point inputs; records: r4"
"observation_record_equal_count_-0.2","joint_range",TRUE,FALSE,FALSE,"accepted"
"observation_record_equal_count_1.2","joint_range",TRUE,FALSE,FALSE,"accepted"
"observation_record_equal_count_-2.22044604925031e-16","joint_range",TRUE,FALSE,FALSE,"accepted"
"observation_record_equal_count_1","joint_range",TRUE,FALSE,FALSE,"accepted"
"observation_record_equal_count_NA","joint_range",TRUE,TRUE,TRUE,"Nonfinite joint point inputs; records: r1"
"observation_record_equal_count_NaN","joint_range",TRUE,TRUE,TRUE,"Nonfinite joint point inputs; records: r1"
"observation_record_equal_count_Inf","joint_range",TRUE,TRUE,TRUE,"Nonfinite joint point inputs; records: r1"
"observation_record_equal_count_-Inf","joint_range",TRUE,TRUE,TRUE,"Nonfinite joint point inputs; records: r1"
"observation_record_equal_exact_-0.2","joint_range",TRUE,FALSE,FALSE,"accepted"
"observation_record_equal_exact_1.2","joint_range",TRUE,FALSE,FALSE,"accepted"
"observation_record_equal_exact_-2.22044604925031e-16","joint_range",TRUE,FALSE,FALSE,"accepted"
"observation_record_equal_exact_1","joint_range",TRUE,FALSE,FALSE,"accepted"
"observation_record_equal_exact_NA","joint_range",TRUE,TRUE,TRUE,"Nonfinite joint point inputs; records: r2"
"observation_record_equal_exact_NaN","joint_range",TRUE,TRUE,TRUE,"Nonfinite joint point inputs; records: r2"
"observation_record_equal_exact_Inf","joint_range",TRUE,TRUE,TRUE,"Nonfinite joint point inputs; records: r2"
"observation_record_equal_exact_-Inf","joint_range",TRUE,TRUE,TRUE,"Nonfinite joint point inputs; records: r2"
"valid_prediction_boundary_record_equal_count_0","joint_range",FALSE,FALSE,TRUE,"accepted"
"valid_prediction_boundary_record_equal_count_1","joint_range",FALSE,FALSE,TRUE,"accepted"
"valid_prediction_boundary_record_equal_exact_0","joint_range",FALSE,FALSE,TRUE,"accepted"
"valid_prediction_boundary_record_equal_exact_1","joint_range",FALSE,FALSE,TRUE,"accepted"
"valid_prediction_boundary_record_equal_interval_0","joint_range",FALSE,FALSE,TRUE,"accepted"
"valid_prediction_boundary_record_equal_interval_1","joint_range",FALSE,FALSE,TRUE,"accepted"
"valid_observation_boundary_record_equal_count_0","joint_range",FALSE,FALSE,TRUE,"accepted"
"valid_observation_boundary_record_equal_count_1","joint_range",FALSE,FALSE,TRUE,"accepted"
"valid_observation_boundary_record_equal_exact_0","joint_range",FALSE,FALSE,TRUE,"accepted"
"valid_observation_boundary_record_equal_exact_1","joint_range",FALSE,FALSE,TRUE,"accepted"
"valid_interval_only_record_equal","joint_range",FALSE,FALSE,TRUE,"accepted"
"valid_joint_species_equal","joint_range",FALSE,FALSE,TRUE,"accepted"
"prediction_species_equal_count_-0.2","joint_range",TRUE,FALSE,FALSE,"accepted"
"prediction_species_equal_count_1.2","joint_range",TRUE,FALSE,FALSE,"accepted"
"prediction_species_equal_count_-2.22044604925031e-16","joint_range",TRUE,FALSE,FALSE,"accepted"
"prediction_species_equal_count_1","joint_range",TRUE,FALSE,FALSE,"accepted"
"prediction_species_equal_count_NA","joint_range",TRUE,TRUE,TRUE,"Nonfinite joint point inputs; records: r1"
"prediction_species_equal_count_NaN","joint_range",TRUE,TRUE,TRUE,"Nonfinite joint point inputs; records: r1"
"prediction_species_equal_count_Inf","joint_range",TRUE,TRUE,TRUE,"Nonfinite joint point inputs; records: r1"
"prediction_species_equal_count_-Inf","joint_range",TRUE,TRUE,TRUE,"Nonfinite joint point inputs; records: r1"
"prediction_species_equal_exact_-0.2","joint_range",TRUE,FALSE,FALSE,"accepted"
"prediction_species_equal_exact_1.2","joint_range",TRUE,FALSE,FALSE,"accepted"
"prediction_species_equal_exact_-2.22044604925031e-16","joint_range",TRUE,FALSE,FALSE,"accepted"
"prediction_species_equal_exact_1","joint_range",TRUE,FALSE,FALSE,"accepted"
"prediction_species_equal_exact_NA","joint_range",TRUE,TRUE,TRUE,"Nonfinite joint point inputs; records: r2"
"prediction_species_equal_exact_NaN","joint_range",TRUE,TRUE,TRUE,"Nonfinite joint point inputs; records: r2"
"prediction_species_equal_exact_Inf","joint_range",TRUE,TRUE,TRUE,"Nonfinite joint point inputs; records: r2"
"prediction_species_equal_exact_-Inf","joint_range",TRUE,TRUE,TRUE,"Nonfinite joint point inputs; records: r2"
"prediction_species_equal_interval_-0.2","joint_range",TRUE,FALSE,FALSE,"accepted"
"prediction_species_equal_interval_1.2","joint_range",TRUE,FALSE,FALSE,"accepted"
"prediction_species_equal_interval_-2.22044604925031e-16","joint_range",TRUE,FALSE,FALSE,"accepted"
"prediction_species_equal_interval_1","joint_range",TRUE,FALSE,FALSE,"accepted"
"prediction_species_equal_interval_NA","joint_range",TRUE,TRUE,TRUE,"Nonfinite joint point inputs; records: r4"
"prediction_species_equal_interval_NaN","joint_range",TRUE,TRUE,TRUE,"Nonfinite joint point inputs; records: r4"
"prediction_species_equal_interval_Inf","joint_range",TRUE,TRUE,TRUE,"Nonfinite joint point inputs; records: r4"
"prediction_species_equal_interval_-Inf","joint_range",TRUE,TRUE,TRUE,"Nonfinite joint point inputs; records: r4"
"observation_species_equal_count_-0.2","joint_range",TRUE,FALSE,FALSE,"accepted"
"observation_species_equal_count_1.2","joint_range",TRUE,FALSE,FALSE,"accepted"
"observation_species_equal_count_-2.22044604925031e-16","joint_range",TRUE,FALSE,FALSE,"accepted"
"observation_species_equal_count_1","joint_range",TRUE,FALSE,FALSE,"accepted"
"observation_species_equal_count_NA","joint_range",TRUE,TRUE,TRUE,"Nonfinite joint point inputs; records: r1"
"observation_species_equal_count_NaN","joint_range",TRUE,TRUE,TRUE,"Nonfinite joint point inputs; records: r1"
"observation_species_equal_count_Inf","joint_range",TRUE,TRUE,TRUE,"Nonfinite joint point inputs; records: r1"
"observation_species_equal_count_-Inf","joint_range",TRUE,TRUE,TRUE,"Nonfinite joint point inputs; records: r1"
"observation_species_equal_exact_-0.2","joint_range",TRUE,FALSE,FALSE,"accepted"
"observation_species_equal_exact_1.2","joint_range",TRUE,FALSE,FALSE,"accepted"
"observation_species_equal_exact_-2.22044604925031e-16","joint_range",TRUE,FALSE,FALSE,"accepted"
"observation_species_equal_exact_1","joint_range",TRUE,FALSE,FALSE,"accepted"
"observation_species_equal_exact_NA","joint_range",TRUE,TRUE,TRUE,"Nonfinite joint point inputs; records: r2"
"observation_species_equal_exact_NaN","joint_range",TRUE,TRUE,TRUE,"Nonfinite joint point inputs; records: r2"
"observation_species_equal_exact_Inf","joint_range",TRUE,TRUE,TRUE,"Nonfinite joint point inputs; records: r2"
"observation_species_equal_exact_-Inf","joint_range",TRUE,TRUE,TRUE,"Nonfinite joint point inputs; records: r2"
"valid_prediction_boundary_species_equal_count_0","joint_range",FALSE,FALSE,TRUE,"accepted"
"valid_prediction_boundary_species_equal_count_1","joint_range",FALSE,FALSE,TRUE,"accepted"
"valid_prediction_boundary_species_equal_exact_0","joint_range",FALSE,FALSE,TRUE,"accepted"
"valid_prediction_boundary_species_equal_exact_1","joint_range",FALSE,FALSE,TRUE,"accepted"
"valid_prediction_boundary_species_equal_interval_0","joint_range",FALSE,FALSE,TRUE,"accepted"
"valid_prediction_boundary_species_equal_interval_1","joint_range",FALSE,FALSE,TRUE,"accepted"
"valid_observation_boundary_species_equal_count_0","joint_range",FALSE,FALSE,TRUE,"accepted"
"valid_observation_boundary_species_equal_count_1","joint_range",FALSE,FALSE,TRUE,"accepted"
"valid_observation_boundary_species_equal_exact_0","joint_range",FALSE,FALSE,TRUE,"accepted"
"valid_observation_boundary_species_equal_exact_1","joint_range",FALSE,FALSE,TRUE,"accepted"
"valid_interval_only_species_equal","joint_range",FALSE,FALSE,TRUE,"accepted"
"interval_observed_field_is_not_scored","joint_range",FALSE,FALSE,TRUE,"accepted"
"interval_only_missing_PredictedPoint","joint_range",TRUE,FALSE,FALSE,"accepted"
"interval_only_missing_ObservedPoint","joint_range",TRUE,FALSE,FALSE,"accepted"
"duplicate_joint_point_column","joint_range",TRUE,FALSE,FALSE,"accepted"
"incomplete_design_stops_before_fit_or_output","entrypoint_guard",TRUE,TRUE,FALSE,"SAMPLER_SENTINEL_CALLED fit_calls 1"
