"Species","Site","Residue","Count","Old","New"
"Alosa_alosa","Site3","L",3,"L","OTHER"
"Alosa_sapidissima","Site3","L",3,"L","OTHER"
"Poromitra_crassiceps","Site3","L",3,"L","OTHER"
"Acipenser_ruthenus","Site20","G",3,"G","OTHER"
"Huso_huso","Site20","G",3,"G","OTHER"
"Chelon_labrosus","Site20","G",3,"G","OTHER"
"Sebastes_fasciatus","Site196","S",3,"S","OTHER"
"Sebastes_schlegelii","Site196","S",3,"S","OTHER"
"Sebastes_umbrosus","Site196","S",3,"S","OTHER"
"Hoplias_malabaricus","Site315","S",3,"S","OTHER"
"Serrasalmus_rhombeus","Site315","S",3,"S","OTHER"
"Electrophorus_electricus","Site315","C",3,"C","OTHER"
"Electrophorus_voltai","Site315","C",3,"C","OTHER"
"Brachyhypopomus_gauderio","Site315","C",3,"C","OTHER"
"Nansenia_antarctica","Site315","S",3,"S","OTHER"
