Outcome,Model,Key,Fold,Status,MaxRhat,MinBulkESS,MinTailESS,Divergences,TreeDepthHits,MinEBFMI
binary,Null_U,91dcfd645197924d0fdd8563da2c527d92d4ec6d7d9072fe12109a6c40e61a20,1,PASS,1.00178081426163,1012.73745716413,905.094459060395,0,0,0.876461825080254
binary,Null_U,91dcfd645197924d0fdd8563da2c527d92d4ec6d7d9072fe12109a6c40e61a20,2,PASS,1.00138668264627,942.840035873366,863.824183704632,0,0,1.00015653536689
binary,Phylogeny_only_P,e4e0c45a12dec4f3f5f71ec3736ae49d90bf2e2f7713dd535ef598e25c0db372,1,PASS,1.0026841002717,2437.686330326,2259.38254811155,0,0,0.929253767018516
binary,Phylogeny_only_P,e4e0c45a12dec4f3f5f71ec3736ae49d90bf2e2f7713dd535ef598e25c0db372,2,PASS,1.00215949335292,1528.13947509432,924.560696912036,0,0,0.792255198753717
binary,Site315_U,71421725f77a088b9a8c9e837dcf161b16bfd349c6601890202126a1058ca6c0,1,PASS,1.00359929442564,1868.99538485612,1748.9379525247,0,0,0.896442468511747
binary,Site315_U,71421725f77a088b9a8c9e837dcf161b16bfd349c6601890202126a1058ca6c0,2,PASS,1.00186517418915,1976.73009859202,1522.55340367754,0,0,0.891447638417672
binary,Site315_P,7564f6e172c506188c53759e85f7ac929c660c2c22d2d749c9c9c1f57a8215a3,1,PASS,1.00329805647404,2644.9575013922,2201.51761533109,0,0,0.931657249396568
binary,Site315_P,7564f6e172c506188c53759e85f7ac929c660c2c22d2d749c9c9c1f57a8215a3,2,PASS,1.00352849765922,1483.66373100355,1194.37372151895,0,0,0.838972528906968
binary,M1_U,36a639775f1142e6994e0e299b4fa927a342b6dec2960d84c1e3dab0dad8d089,1,PASS,1.002220351244,4023.86256594944,2574.83176372013,0,0,0.889190022940301
binary,M1_U,36a639775f1142e6994e0e299b4fa927a342b6dec2960d84c1e3dab0dad8d089,2,PASS,1.00191937959515,3689.19185190952,2590.54455086138,0,0,0.978826291417521
binary,M1_P,6824b61742d961fef7ca47e7845406fc644f1a067b004e4193159d7abb6f9ab5,1,PASS,1.00316428250775,2093.32098652925,902.376556031941,0,0,0.905542388567202
binary,M1_P,6824b61742d961fef7ca47e7845406fc644f1a067b004e4193159d7abb6f9ab5,2,PASS,1.00335674289799,1079.93584371084,1559.27817894624,0,0,0.863137057604733
binary,M2_U,3dd94069a5fa2d4d655a171f56c0a3fe5c911a254892e116049cf9dac289d53b,1,PASS,1.002220351244,4023.86256594944,2574.83176372013,0,0,0.889190022940301
binary,M2_U,3dd94069a5fa2d4d655a171f56c0a3fe5c911a254892e116049cf9dac289d53b,2,PASS,1.00191937959515,3689.19185190952,2590.54455086138,0,0,0.978826291417521
binary,M2_P,2a0ecb8bc7c8c1e70ab2df80f7c287923a637f46cc254a43287da62516cc853a,1,PASS,1.00316428250775,2093.32098652925,902.376556031941,0,0,0.905542388567202
binary,M2_P,2a0ecb8bc7c8c1e70ab2df80f7c287923a637f46cc254a43287da62516cc853a,2,PASS,1.00335674289799,1079.93584371084,1559.27817894624,0,0,0.863137057604733
binary,M3_U,72d5059274e72991581699370f0e5a50156c4ea1ffcf7573d98b8a1c49885bc5,1,PASS,1.00172485333511,3714.31564989484,2743.99095663376,0,0,0.990747153916357
binary,M3_U,72d5059274e72991581699370f0e5a50156c4ea1ffcf7573d98b8a1c49885bc5,2,PASS,1.00282385202267,3501.98267131235,2446.8784499269,0,0,0.925776877229921
binary,M3_P,14a89cfac5bbd7f35abdb4cd6d4b829ddf78a2d96e020468cdb74fc1836ac061,1,PASS,1.00094758905815,4886.42791406689,3034.89465384097,0,0,0.92910655104705
binary,M3_P,14a89cfac5bbd7f35abdb4cd6d4b829ddf78a2d96e020468cdb74fc1836ac061,2,PASS,1.00123665790398,2702.93574694822,3147.46222712888,0,0,0.902858320856559
joint,Null_U,ea3f90935ce15dafe1427b3ff6eb77d371d37970c635fbf053972e21024ad206,1,PASS,1.00153588174386,2524.23091615728,2021.43302123959,0,0,0.899321483531897
joint,Null_U,ea3f90935ce15dafe1427b3ff6eb77d371d37970c635fbf053972e21024ad206,2,PASS,1.00266642761141,2236.07416478644,1534.77769376482,0,0,0.960986751804449
joint,Phylogeny_only_P,1c41b3d0c2661e32980f15cff8f3865cd323dd048500ec76b7a55b697c817070,1,PASS,1.00156788593372,2080.03800260541,2254.80441270388,0,0,0.907637429674608
joint,Phylogeny_only_P,1c41b3d0c2661e32980f15cff8f3865cd323dd048500ec76b7a55b697c817070,2,PASS,1.00224366577341,1967.81333927435,2105.26210957125,0,0,0.894931196536436
joint,Site315_U,efa677c9553fedb308bf0f396470399eb94fa920be6ae9b08cfb6f504d058797,1,PASS,1.00220165958239,2325.28075907831,1984.24728766973,0,0,0.965979224624282
joint,Site315_U,efa677c9553fedb308bf0f396470399eb94fa920be6ae9b08cfb6f504d058797,2,PASS,1.00140236740285,2472.46481121263,2180.02482098083,0,0,0.872481585394208
joint,Site315_P,5ea6c9256481384337db1a0ad4003575724c5a2ff26d4a52740dcddc5d0d536c,1,PASS,1.00132835781505,3093.72624339391,4211.91759002212,0,0,0.892743505035777
joint,Site315_P,5ea6c9256481384337db1a0ad4003575724c5a2ff26d4a52740dcddc5d0d536c,2,PASS,1.00112664492752,1957.21393624204,2662.44129585971,0,0,0.849394258292329
joint,M1_U,e2edafa21f8a7313f6c4330b209301584565cdb4712c5ec2599e6692d51af4bd,1,PASS,1.00180642800586,2184.51925450075,2161.79608396545,0,0,0.965562215268697
joint,M1_U,e2edafa21f8a7313f6c4330b209301584565cdb4712c5ec2599e6692d51af4bd,2,PASS,1.00342100743813,2915.17302572481,2045.33048232848,0,0,0.934062376043824
joint,M1_P,88ac4a55766f5b6af98db75f2f2b5ca7408771009acb4fdf46865a9dc6620bf2,1,PASS,1.00260337613276,1474.32092541088,1988.9703735184,0,0,0.899983217637708
joint,M1_P,88ac4a55766f5b6af98db75f2f2b5ca7408771009acb4fdf46865a9dc6620bf2,2,PASS,1.00471174783631,1401.45673122065,1524.31993687791,0,0,0.880377974864269
joint,M2_U,f48d93e423c43b6365266076dabc92cb33a9c0fe381a9a7eb975fff3694371f0,1,PASS,1.00180642800586,2184.51925450075,2161.79608396545,0,0,0.965562215268697
joint,M2_U,f48d93e423c43b6365266076dabc92cb33a9c0fe381a9a7eb975fff3694371f0,2,PASS,1.00342100743813,2915.17302572481,2045.33048232848,0,0,0.934062376043824
joint,M2_P,4b7adb0fb1478894857bae98bd0ab7bf604fa040188511b9a30a184544546c62,1,PASS,1.00260337613276,1474.32092541088,1988.9703735184,0,0,0.899983217637708
joint,M2_P,4b7adb0fb1478894857bae98bd0ab7bf604fa040188511b9a30a184544546c62,2,PASS,1.00471174783631,1401.45673122065,1524.31993687791,0,0,0.880377974864269
joint,M3_U,b69e744a491f69455c19bfe1e1459e28f51c50a5d813f2a4dd1b1861350a70ae,1,PASS,1.00404777289069,2152.30516776454,1867.25948230855,0,0,0.927968880848656
joint,M3_U,b69e744a491f69455c19bfe1e1459e28f51c50a5d813f2a4dd1b1861350a70ae,2,PASS,1.00441768338266,2893.11656699885,2320.42036950553,0,0,0.906343472047206
joint,M3_P,17f6a315f8f94182b7eaf40e702eaa7a8988d75629b50a2c9356db42cc032b48,1,PASS,1.00401958012708,1290.02924269038,1627.63393932181,0,0,0.902910680334585
joint,M3_P,17f6a315f8f94182b7eaf40e702eaa7a8988d75629b50a2c9356db42cc032b48,2,PASS,1.00500819535484,1503.36974790071,1543.62474083595,0,0,0.915815811422968
