id,a,b,lo,hi,Group,ReferenceLogP,ReferenceMethod,PrecisionDigits
beta_1_100_upper,1,100,0.40000000000000002,0.5,inherited_266,-51.08256238867374556660740665304161479922929626487281615328430329023986642678206898835569493072580255,closed_a1,100
beta_200_1_lower,200,1,0.59999999999999998,0.69999999999999996,inherited_266,-71.33498878774652926909151660912822099716639596995349901468394047815357451661233754885616980714886816,closed_b1,100
underflow_upper,1,2000,0.40000000000000002,0.5,inherited_266,-1021.651247531981440425896500951094600881848807647308891410137082342889885841843011760354033572790429,closed_a1,100
underflow_lower,2000,1,0.59999999999999998,0.69999999999999996,inherited_266,-713.349887877464884707908808214549029143618141798995901564793224868445791219970442622033960759446003,closed_b1,100
near_zero,0.29999999999999999,12,0,1e-08,inherited_266,-4.681353877844107875964577843693469065424239579892052766573563763452734931449444832258253301296152342,high_precision_lower_interval,100
near_one,12,0.29999999999999999,0.99999998999999995,1,inherited_266,-4.681353876336680230981329397969647846170208130231407617503679896003583300218787504764378734407691586,high_precision_complement_interval,100
narrow_middle,2.5,7.5,0.45000000000000001,0.45000000000099999,inherited_266,-27.73196491428597383652571319981893415645815180240582877764423193555147599738897380069941157025522988,high_precision_complement_interval,100
narrow_tail,2.5,120,0.84999999999999998,0.85000000009999999,inherited_266,-237.327322129468274390786671590846408939082947734260971745813602478391702752073806099528516734013444,high_precision_complement_interval,100
u_shaped,0.20000000000000001,0.40000000000000002,0.001,0.98999999999999999,inherited_266,-0.2767605422917144094431227804729557688595325029704907931127956121053515409344919734113707982931376342,high_precision_complement_interval,100
wide_center,2,3,0.01,0.94999999999999996,inherited_266,-0.001073856377425683957161249877911106463908033449933859537702217215875313035028467064421519328602882157,high_precision_complement_interval,100
skew_left,1.1000000000000001,100,0.40000000000000002,0.5,inherited_266,-50.66178816033895596887689241886631900740939564857372292756116189354056117902713972603091902389029431,high_precision_complement_interval,100
skew_right,100,1.1000000000000001,0.01,0.050000000000000003,inherited_266,-299.0673662390222010754600511424432727286166521944477547272976366402621159564951134393369787142214039,high_precision_lower_interval,100
concentrated_center,800,1000,0.42999999999999999,0.46000000000000002,inherited_266,-0.2241503414111996338245587551979701045792226372880075343525074104550080134159750621797069867454662055,high_precision_complement_interval,100
full_support,2,3,0,1,inherited_266,0.0,full_support,100
left_boundary,0.20000000000000001,10,0,0.29999999999999999,inherited_266,-0.002209777690535130229752858260275461354002912302734519369727468000125282186850741763534280231324856016,high_precision_complement_interval,100
right_boundary,10,0.20000000000000001,0.69999999999999996,1,inherited_266,-0.002209777690535128215450540646606727320838973869484099609745392780680826282243958655637591496768776895,high_precision_lower_interval,100
cf_switch_left,5,7,0.42857142757142902,0.42957142857142899,inherited_266,-5.910227609272738122867844942351104116839909300113147258763878764745970694819809079998428426085717245,high_precision_complement_interval,100
cf_switch_right,5,7,0.42857142957142902,0.42957143057142899,inherited_266,-5.910227611646203983021317046255018728794917832142022644126818791861319606150745993659901870816760258,high_precision_complement_interval,100
grid_1,0.050000000000000003,0.050000000000000003,0.001,0.01,inherited_266,-3.134481620986414464153488842195273152654958697160999327468294991760295830530388168196844421886894958,high_precision_lower_interval,100
grid_2,0.20000000000000001,0.050000000000000003,0.001,0.01,inherited_266,-3.509325312549769208244231516308863031500745241290429651551995625834173885622887013564838711980027937,high_precision_lower_interval,100
grid_3,1,0.050000000000000003,0.001,0.01,inherited_266,-7.701017231957636329431416145832246823782855332677617756539627515772654190767778492726835664823377552,closed_a1,100
grid_4,5,0.050000000000000003,0.001,0.01,inherited_266,-27.52064474300027755631940363171520850484704283882043608759381612952306094954096559595609909795873318,high_precision_lower_interval,100
grid_5,50,0.050000000000000003,0.001,0.01,inherited_266,-236.9349270625125482793649433727443798877405368161523334547703255024045518156805221824659313392055435,high_precision_lower_interval,100
grid_6,200,0.050000000000000003,0.001,0.01,inherited_266,-929.0269366544459501982750317602462493185388349419450233830160265859395913295027985592489764334599446,high_precision_lower_interval,100
grid_7,1000,0.050000000000000003,0.001,0.01,inherited_266,-4614.691918224908323857417294945959898991462384638354089812934561154678398152349427665192776320530777,high_precision_lower_interval,100
grid_8,0.050000000000000003,0.20000000000000001,0.001,0.01,inherited_266,-2.654957163377615168164046345975997199327254553455301278299217047230974101198872784167103315197135275,high_precision_lower_interval,100
grid_9,0.20000000000000001,0.20000000000000001,0.001,0.01,inherited_266,-2.556492043177172242752561160182155296017853300735633673697329690967185073335435501383163348440956626,high_precision_lower_interval,100
grid_10,1,0.20000000000000001,0.001,0.01,inherited_266,-6.31555155558377620566193972302041703342795908133912060670137119195607174553647886243541338708415494,closed_a1,100
grid_11,5,0.20000000000000001,0.001,0.01,inherited_266,-25.84708022269381540960074960950801379098057534107476453308653281108057622504296575998914601779663032,high_precision_lower_interval,100
grid_12,50,0.20000000000000001,0.001,0.01,inherited_266,-234.9059128446318025775170316056581295446928555320534488751472876533514977807078386259993918839747532,high_precision_lower_interval,100
grid_13,200,0.20000000000000001,0.001,0.01,inherited_266,-926.7891550445524425473686085835565711099056515878989945359626419151375131150534090721813688259038091,high_precision_lower_interval,100
grid_14,1000,0.20000000000000001,0.001,0.01,inherited_266,-4612.212501845644354656342693457231960245878957612307552712231853998747186267895200401663703648599875,high_precision_lower_interval,100
grid_15,0.050000000000000003,1,0.001,0.01,inherited_266,-2.44897074486715699439659255932384674850530759260680358145779427289024782882246197518196584618485889,closed_b1,100
grid_16,0.20000000000000001,1,0.001,0.01,inherited_266,-1.917877081205465100078488455567171193246821174779818700145237809096391344146186099501930701959160759,closed_b1,100
grid_17,1,1,0.001,0.01,inherited_266,-4.710530701645917648446802178486356297232348317101969627192814722711997614668094023450949785003458606,closed_a1,100
grid_18,5,1,0.001,0.01,inherited_266,-23.02586092999045706943233934156871749605972364927601845569315097720461930183405874629728719147598104,closed_b1,100
grid_19,50,1,0.001,0.01,inherited_266,-230.2585092994045673609650598823521749463113972059347877314437744509706795713979738481092044770662243,closed_b1,100
grid_20,200,1,0.001,0.01,inherited_266,-921.034037197618269443860239529408699785245588823739110925775097803882718285591895392436817908264897,closed_b1,100
grid_21,1000,1,0.001,0.01,inherited_266,-4605.170185988091347219301197647043498926227944118695554628875489019413591427959476962184089541324485,closed_b1,100
grid_22,0.050000000000000003,5,0.001,0.01,inherited_266,-2.362484031956293905232684891374977882909892182324800397447470181980311321449143707618141741539189454,high_precision_lower_interval,100
grid_23,0.20000000000000001,5,0.001,0.01,inherited_266,-1.543837772815931607786132489373056307033732684781818226935760030973121191834585772876963650503116127,high_precision_lower_interval,100
grid_24,1,5,0.001,0.01,inherited_266,-3.123112563516300922172532710885462288836380105367933417356588353499032189695567254014095610972693439,closed_a1,100
grid_25,5,5,0.001,0.01,inherited_266,-18.22304020838072798734445715667676170077645434607058180051212740624059666267042848691019623241452503,high_precision_lower_interval,100
grid_26,50,5,0.001,0.01,inherited_266,-217.6336267778250381585701146928844331177155912320420452943555542100486372560250162095700252310714334,high_precision_lower_interval,100
grid_27,200,5,0.001,0.01,inherited_266,-903.0091927679561576814233499007992711148426627366921704311939348260543113207265580537973463449441788,high_precision_lower_interval,100
grid_28,1000,5,0.001,0.01,inherited_266,-4580.747394648596846208064182421966726219757228597599337096420072051320836939646093996951946035306888,high_precision_lower_interval,100
grid_29,0.050000000000000003,50,0.001,0.01,inherited_266,-2.415552585497444035477035770307515975104223186589301262228474725922590517582764158580848406452595194,high_precision_complement_interval,100
grid_30,0.20000000000000001,50,0.001,0.01,inherited_266,-1.251870718367548820523232858206085111779118631334413978918595095750424202956411703053578246104937346,high_precision_complement_interval,100
grid_31,1,50,0.001,0.01,inherited_266,-1.060739904122129726523369843502637037665230992911912004582967004953342976319754625321095463831074201,closed_a1,100
grid_32,5,50,0.001,0.01,inherited_266,-8.466597050293848659990645617907668277866929802093401339732125265507029180824452179840748328046151418,high_precision_lower_interval,100
grid_33,50,50,0.001,0.01,inherited_266,-164.6505327582913379559128362841199064956806054231142827344058430228382811262101483782057924545017301,high_precision_lower_interval,100
grid_34,200,50,0.001,0.01,inherited_266,-800.797998602007148913311995112721967570669814578700246391474799740899247845350415371612180878474805,high_precision_lower_interval,100
grid_35,1000,50,0.001,0.01,inherited_266,-4410.542619821478260201716990117245664235054238366251139946266256710723616859314918747480854669318007,high_precision_lower_interval,100
grid_36,0.050000000000000003,200,0.001,0.01,inherited_266,-2.843111210653364219296348854899888756853627205375610568563182915410879612398783403146313495497770408,high_precision_complement_interval,100
grid_37,0.20000000000000001,200,0.001,0.01,inherited_266,-1.501144978504954773433038580600442847903678616357764542318206405008864830585368752199941756431158931,high_precision_complement_interval,100
grid_38,1,200,0.001,0.01,inherited_266,-0.378819543350418888688925097713243565003121545402131047572506847786839370004101425707529894171873576,closed_a1,100
grid_39,5,200,0.001,0.01,inherited_266,-2.893042924162954118719101752100014494924656931659684603145700253526322568608416021846526073302191921,high_precision_lower_interval,100
grid_40,50,200,0.001,0.01,inherited_266,-110.1060210677010482988963366957928607238837805243977447970471935406392460244264475792066225485432933,high_precision_lower_interval,100
grid_41,200,200,0.001,0.01,inherited_266,-649.6804277862018889382822494886795995057015715362287439016711880630081737652216713977912579714658676,high_precision_lower_interval,100
grid_42,1000,200,0.001,0.01,inherited_266,-4071.763868558415172746065148363069666062782737629725855162830852195453185732770458394770404363553385,high_precision_lower_interval,100
grid_43,0.050000000000000003,1000,0.001,0.01,inherited_266,-4.463414727679662140326563323453088914012444150218655400920351624642653064530229800749703272686112795,high_precision_complement_interval,100
grid_44,0.20000000000000001,1000,0.001,0.01,inherited_266,-2.949402026724914252984747093518206903324322235530703559136608694386441485133717567614528314717454671,high_precision_complement_interval,100
grid_45,1,1000,0.001,0.01,inherited_266,-1.00061775082366239239247064773044437524205053955138882839193322231866871273182601032561683077476392,closed_a1,100
grid_46,5,1000,0.001,0.01,inherited_266,-0.03215845712700175073266671312577916375134493745455166581350238775914612161455538283962843278903430921,high_precision_complement_interval,100
grid_47,50,1000,0.001,0.01,inherited_266,-41.96425477810729373842587988212341832294557914548808028592963446010574248904929675957056676032390762,high_precision_lower_interval,100
grid_48,200,1000,0.001,0.01,inherited_266,-394.0090696628527037004342967855521490271929428032112265158551616033750442350051005580058584113002902,high_precision_lower_interval,100
grid_49,1000,1000,0.001,0.01,inherited_266,-3233.625493372110079646975849589088076955467354448936239322341349441906138703515521911289342393943906,high_precision_lower_interval,100
grid_50,0.050000000000000003,0.050000000000000003,0.050000000000000003,0.14999999999999999,inherited_266,-3.621127324460215804041184353532122202011966238877445836667224915007236775660612163542664653770982661,high_precision_lower_interval,100
grid_51,0.20000000000000001,0.050000000000000003,0.050000000000000003,0.14999999999999999,inherited_266,-3.504656337985287482461402068075353847146668479198565086416757431998636413941648633384220198020260534,high_precision_lower_interval,100
grid_52,1,0.050000000000000003,0.050000000000000003,0.14999999999999999,inherited_266,-5.197270682658048651873779410845960332300810224265712114084800654903014997062950367174165327601150786,closed_a1,100
grid_53,5,0.050000000000000003,0.050000000000000003,0.14999999999999999,inherited_266,-13.86473455264471182676620562550615799857036353334804017214736183787406060096477691469492701368514356,high_precision_lower_interval,100
grid_54,50,0.050000000000000003,0.050000000000000003,0.14999999999999999,inherited_266,-101.3906547394757780106252731322999786084743340245838637799330312924351891660096691388844301386414678,high_precision_lower_interval,100
grid_55,200,0.050000000000000003,0.050000000000000003,0.14999999999999999,inherited_266,-387.2728365270351845733472448115166248726976948699706617438798788648345444915952258483683018066686313,high_precision_lower_interval,100
grid_56,1000,0.050000000000000003,0.050000000000000003,0.14999999999999999,inherited_266,-1906.497029808613601814605301186306583201024815636051207936979266021020265351887969049430346828327076,high_precision_lower_interval,100
grid_57,0.050000000000000003,0.20000000000000001,0.050000000000000003,0.14999999999999999,inherited_266,-3.15559965258082128236821685155980922587440478093273469030882540056515499079258563692975215257470767,high_precision_lower_interval,100
grid_58,0.20000000000000001,0.20000000000000001,0.050000000000000003,0.14999999999999999,inherited_266,-2.566008778236847285085161072463600847163653427060074575991557123243657668069005693982191884114344073,high_precision_lower_interval,100
grid_59,1,0.20000000000000001,0.050000000000000003,0.14999999999999999,inherited_266,-3.826992908505022115999233163985762031159672197529145596581930823130839748969731579425489875015394433,closed_a1,100
grid_60,5,0.20000000000000001,0.050000000000000003,0.14999999999999999,inherited_266,-12.21011309290316170027546650384091037704893360817393799090702523173587595025887238245011089753224862,high_precision_lower_interval,100
grid_61,50,0.20000000000000001,0.050000000000000003,0.14999999999999999,inherited_266,-99.38402471450463414320222271685485734657189487264684098350952615463598136070823200459494777646424411,high_precision_lower_interval,100
grid_62,200,0.20000000000000001,0.050000000000000003,0.14999999999999999,inherited_266,-385.0578012636790332751275154374492135022355182129686183237340561202215812779519379049160522170177065,high_precision_lower_interval,100
grid_63,1000,0.20000000000000001,0.050000000000000003,0.14999999999999999,inherited_266,-1904.04045879658470165914560899994351410092097570967731589019008162490394789987432804020068999947289,high_precision_lower_interval,100
grid_64,0.050000000000000003,1,0.050000000000000003,0.14999999999999999,inherited_266,-3.023880031709350070614421668941628953995087196274333888888781950111171008261893330119944702939887685,closed_b1,100
grid_65,0.20000000000000001,1,0.050000000000000003,0.14999999999999999,inherited_266,-2.00266453773252882344368239475197787713086193398819945364904789581181082170887555976365883869476443,closed_b1,100
grid_66,1,1,0.050000000000000003,0.14999999999999999,inherited_266,-2.302585092994045767284718301571108206047376492465024353352751191935285924814181420720342309716280147,closed_a1,100
grid_67,5,1,0.050000000000000003,0.14999999999999999,inherited_266,-9.489723641613268756583710394543813975123794155874757539140195561397190638354017076979367175242149746,closed_b1,100
grid_68,50,1,0.050000000000000003,0.14999999999999999,inherited_266,-94.85599924429406695237062606255059092814102367758945011900832546167379290471434023369107675420840882,closed_b1,100
grid_69,200,1,0.050000000000000003,0.14999999999999999,inherited_266,-379.4239969771762678094824986783800873183849345088329907892857120316464373720621874183807341558465217,closed_b1,100
grid_70,1000,1,0.050000000000000003,0.14999999999999999,inherited_266,-1897.11998488588133904741249339190043659192467254416495394642856015823218686031093709190367077923259,closed_b1,100
grid_71,0.050000000000000003,5,0.050000000000000003,0.14999999999999999,inherited_266,-3.299267430791273269606431156293220755811098307883643159884944204525568184110225029943674549728381903,high_precision_complement_interval,100
grid_72,0.20000000000000001,5,0.050000000000000003,0.14999999999999999,inherited_266,-1.995400108314346776629822091874618234869884828755023746291451767843652052070036866421757292541372604,high_precision_complement_interval,100
grid_73,1,5,0.050000000000000003,0.14999999999999999,inherited_266,-1.10843348410961404613700474156702893184967436457397356554540497846576990235068339310033174167062621,closed_a1,100
grid_74,5,5,0.050000000000000003,0.14999999999999999,inherited_266,-5.18580313810001379558295941893205862806149828472757248440433037350992091120139039251385768027466383,high_precision_lower_interval,100
grid_75,50,5,0.050000000000000003,0.14999999999999999,inherited_266,-82.82789765180033822125608670040340795317988648643233473400683952236154551561066552709896300496244447,high_precision_lower_interval,100
grid_76,200,5,0.050000000000000003,0.14999999999999999,inherited_266,-362.0057130590737849675624246656401702096388347088813402226599019874262138702832325943988897159667366,high_precision_lower_interval,100
grid_77,1000,5,0.050000000000000003,0.14999999999999999,inherited_266,-1873.30640298393923475615129325962939426447389476751862134871402829249520672266743979198731537262995,high_precision_lower_interval,100
grid_78,0.050000000000000003,50,0.050000000000000003,0.14999999999999999,inherited_266,-6.656893167811131322824347654080992188287184991127138966242550506225141537203732645168656784475480528,high_precision_complement_interval,100
grid_79,0.20000000000000001,50,0.050000000000000003,0.14999999999999999,inherited_266,-5.039178872849899638201650508348988522243040978802397235663300575316491827221503881196794186597072628,high_precision_complement_interval,100
grid_80,1,50,0.050000000000000003,0.14999999999999999,inherited_266,-2.568515972308334744607908146378915153568265223178084499839132110495025553909279786733932078665994254,closed_a1,100
grid_81,5,50,0.050000000000000003,0.14999999999999999,inherited_266,-0.2343975037570078253154044769971571622353394363365298924406704726380039683464892003743950703576833779,high_precision_complement_interval,100
grid_82,50,50,0.050000000000000003,0.14999999999999999,inherited_266,-36.54453757658181357326403047227663256715404138236465720717669744760388197088163780207085287994173167,high_precision_lower_interval,100
grid_83,200,50,0.050000000000000003,0.14999999999999999,inherited_266,-266.6174626988112718926854609237175534193500228493873921338741600999792024518592592373346149624587641,high_precision_lower_interval,100
grid_84,1000,50,0.050000000000000003,0.14999999999999999,inherited_266,-1709.955200055247288654693910537644594387389177806667204463192154468487820109530374761376510839103937,high_precision_lower_interval,100
grid_85,0.050000000000000003,200,0.050000000000000003,0.14999999999999999,inherited_266,-15.49492461777768769761058255679120610310430580973139954086327835730750232793082912985170885917004445,high_precision_complement_interval,100
grid_86,0.20000000000000001,200,0.050000000000000003,0.14999999999999999,inherited_266,-13.69276044026329055214985167860501243240794700997976216940097708309411056135419907912242997209505774,high_precision_complement_interval,100
grid_87,1,200,0.050000000000000003,0.14999999999999999,inherited_266,-10.25865887772841247181350370378110622568374081839996915540767746440715947878358689755094501878328976,closed_a1,100
grid_88,5,200,0.050000000000000003,0.14999999999999999,inherited_266,-3.766863756805117936742332162944018812417539613830724614966537657937948023320547306980365482367883363,high_precision_complement_interval,100
grid_89,50,200,0.050000000000000003,0.14999999999999999,inherited_266,-4.003753572433778541887611074946116681966220123032478254217905101368399107989810835864941561463297366,high_precision_lower_interval,100
grid_90,200,200,0.050000000000000003,0.14999999999999999,inherited_266,-138.2301041580007254874192624488668257633451148238546196035694999109462276510039019638578798248901175,high_precision_lower_interval,100
grid_91,1000,200,0.050000000000000003,0.14999999999999999,inherited_266,-1394.021222889730048552915407167451506943348481388661407000289634113882628382632708161448201060311595,high_precision_lower_interval,100
grid_92,0.050000000000000003,1000,0.050000000000000003,0.14999999999999999,inherited_266,-57.99617228149915043511053068897576639641043068137637663936738726877171999239382723311289688001466596,high_precision_complement_interval,100
grid_93,0.20000000000000001,1000,0.050000000000000003,0.14999999999999999,inherited_266,-55.96185782810718812013494361663932227063241020127904283033457213509773165359621355140805190989367994,high_precision_complement_interval,100
grid_94,1,1000,0.050000000000000003,0.14999999999999999,inherited_266,-51.29329438755053634783568274194129645361028467069764239253300312252856565576667548685677792612226025,closed_a1,100
grid_95,5,1000,0.050000000000000003,0.14999999999999999,inherited_266,-38.73593071303277422008108866575138779643514955944349970556690455918044640529285017360858085026588514,high_precision_complement_interval,100
grid_96,50,1000,0.050000000000000003,0.14999999999999999,inherited_266,-1.065632675171340810326608131474384198257668556134157277536671573752433375356780352498848546498682485,high_precision_complement_interval,100
grid_97,200,1000,0.050000000000000003,0.14999999999999999,inherited_266,-2.855234476410573548177522173555478821805204676835024287153973998115439949021749456431553496863586619,high_precision_lower_interval,100
grid_98,1000,1000,0.050000000000000003,0.14999999999999999,inherited_266,-677.7079122978928690548203089493330953717629495787061471183097659749457741840332046396407172579168584,high_precision_lower_interval,100
grid_99,0.050000000000000003,0.050000000000000003,0.40000000000000002,0.5,inherited_266,-4.657762953203501374729491361139125736066873205841525785181829134034988084189877991381407977651255278,high_precision_lower_interval,100
grid_100,0.20000000000000001,0.050000000000000003,0.40000000000000002,0.5,inherited_266,-4.2977856060765713014026989845661953640319267537362407165700990653927947506358614219629598139071409,high_precision_lower_interval,100
grid_101,1,0.050000000000000003,0.40000000000000002,0.5,inherited_266,-4.727811486326238547780735979458139690249896232719620510494055250821400891264481535199143416182279002,closed_a1,100
grid_102,5,0.050000000000000003,0.40000000000000002,0.5,inherited_266,-7.782410064175910722284513270223663111075891360382969660740597618177657354230165259128646102031481548,high_precision_lower_interval,100
grid_103,50,0.050000000000000003,0.40000000000000002,0.5,inherited_266,-40.70278728310443053803571152941481007209343594867163682727742678129297915369411907309137317060778129,high_precision_lower_interval,100
grid_104,200,0.050000000000000003,0.40000000000000002,0.5,inherited_266,-145.9780382136329902595086721776513443671550901601460467956092096131387912756568336436266862392932884,high_precision_lower_interval,100
grid_105,1000,0.050000000000000003,0.40000000000000002,0.5,inherited_266,-702.0209088663513098047654929537118119220943667202733052517383868638239334046931774243062955668878374,high_precision_lower_interval,100
grid_106,0.050000000000000003,0.20000000000000001,0.40000000000000002,0.5,inherited_266,-4.267401611121514260197780965351316560286367685176830749034415324311433369461180712828999997714484411,high_precision_complement_interval,100
grid_107,0.20000000000000001,0.20000000000000001,0.40000000000000002,0.5,inherited_266,-3.434155046571815343682192329704537466287796784743383794202189041980526357292846732776818919535447887,high_precision_lower_interval,100
grid_108,1,0.20000000000000001,0.40000000000000002,0.5,inherited_266,-3.431763146845269570568923808526625957484436110069968188344869824354729600757633332163910953120223128,closed_a1,100
grid_109,5,0.20000000000000001,0.40000000000000002,0.5,inherited_266,-6.199814564828712990836286151095863689157577912125351920028597616346363671402036974255748761830091283,high_precision_lower_interval,100
grid_110,50,0.20000000000000001,0.40000000000000002,0.5,inherited_266,-38.77342544919814740861888474748598261049513371662415976938313619593780084038450120328116402525858848,high_precision_lower_interval,100
grid_111,200,0.20000000000000001,0.40000000000000002,0.5,inherited_266,-143.8419891989852006986535240107689373714017147878026238269573928222961893610379166201921234472058039,high_precision_lower_interval,100
grid_112,1000,0.20000000000000001,0.40000000000000002,0.5,inherited_266,-699.643808956600780358748667565764610332007131814455276247145960666213361676094988873352309377329975,high_precision_lower_interval,100
grid_113,0.050000000000000003,1,0.40000000000000002,0.5,inherited_266,-4.535903021354271739072134954305511404270790066914336970484750476934349545704205271698989632605203175,closed_b1,100
grid_114,0.20000000000000001,1,0.40000000000000002,0.5,inherited_266,-3.270238703406909248351726658793233454396302620386944944859474259061560689252416740564091533765025911,closed_b1,100
grid_115,1,1,0.40000000000000002,0.5,inherited_266,-2.302585092994045906062596379715696944230723263415403807301838866433830112230227688253833069045694694,closed_a1,100
grid_116,5,1,0.40000000000000002,0.5,inherited_266,-3.862756764125228138455119575734155684822281163254748248966680824312169873237649901190412105958184964,closed_b1,100
grid_117,50,1,0.40000000000000002,0.5,inherited_266,-34.65737330057604529844542857491873689574991132327480089627943175115949739886677567956883718865780712,closed_b1,100
grid_118,200,1,0.40000000000000002,0.5,inherited_266,-138.6294361119890618834879194473241240053747844358866358918229058504159333693856223607445879091681657,closed_b1,100
grid_119,1000,1,0.40000000000000002,0.5,inherited_266,-693.1471805599453094172321214581765680755001343602552541206800094933936219696947156058633269964186877,closed_b1,100
grid_120,0.050000000000000003,5,0.40000000000000002,0.5,inherited_266,-6.795748907821740897931580460239393943144549288919191790232991055775030540984863051418045788041689131,high_precision_complement_interval,100
grid_121,0.20000000000000001,5,0.40000000000000002,0.5,inherited_266,-5.24355067319384939399284084674875040650421311463183171726578332925420100392398468398323563584229289,high_precision_complement_interval,100
grid_122,1,5,0.40000000000000002,0.5,inherited_266,-3.06808793574613171546081511278485152751835847425459691887499312274765031390704731206060775773753005,closed_a1,100
grid_123,5,5,0.40000000000000002,0.5,inherited_266,-1.454863093994912745260819753984269629425381122175372973758797120205500787744097404281977125611259323,high_precision_lower_interval,100
grid_124,50,5,0.40000000000000002,0.5,inherited_266,-24.68582992211884431292790344181930502829427903964299477527383191103757784404758594660547465984073637,high_precision_lower_interval,100
grid_125,200,5,0.40000000000000002,0.5,inherited_266,-123.3171824038693581172049479696141026972418956672808594688734193566137314610201703180695603570070355,high_precision_lower_interval,100
grid_126,1000,5,0.40000000000000002,0.5,inherited_266,-671.4528169820018347307639604895923758053382537158402748628351524509158060862857630062222948694137327,high_precision_lower_interval,100
grid_127,0.050000000000000003,50,0.40000000000000002,0.5,inherited_266,-31.38351726623705115358582065316735904097545430721763885230663888249049092449664640521054117001114749,high_precision_complement_interval,100
grid_128,0.20000000000000001,50,0.40000000000000002,0.5,inherited_266,-29.48627665162610785890722360307105770501967445951533826675746706388724739796048055751511077746502831,high_precision_complement_interval,100
grid_129,1,50,0.40000000000000002,0.5,inherited_266,-25.54139107915643223020896560831284556720144120055215128826651717556213492478958899780232577168781621,closed_a1,100
grid_130,5,50,0.40000000000000002,0.5,inherited_266,-16.42159144410458273588003551925596032971991151107580327950683022830788483800418573382295386711625851,high_precision_complement_interval,100
grid_131,50,50,0.40000000000000002,0.5,inherited_266,-0.7379990385211720820568892300645815490341487326182929317051532097213031464202363623926123478566446655,high_precision_lower_interval,100
grid_132,200,50,0.40000000000000002,0.5,inherited_266,-51.59074346406984562176617939782576932088918941662420856842984970337086447570000922878517450999305956,high_precision_lower_interval,100
grid_133,1000,50,0.40000000000000002,0.5,inherited_266,-531.9417211293267700920491177508843495468753854618276777598958805060120088099256991696440756453764858,high_precision_lower_interval,100
grid_134,0.050000000000000003,200,0.40000000000000002,0.5,inherited_266,-109.304061703297688574783239517748719461070887291426800166342583493464806831594152445073461243616103,high_precision_complement_interval,100
grid_135,0.20000000000000001,200,0.40000000000000002,0.5,inherited_266,-107.2011194658271462367640980012393793387010350939354756973937152931800067111765602162969428877366553,high_precision_complement_interval,100
grid_136,1,200,0.40000000000000002,0.5,inherited_266,-102.1651247531981441883873895605208628801706865425940310332101418461828049199111999951667898684314551,closed_a1,100
grid_137,5,200,0.40000000000000002,0.5,inherited_266,-87.73537393260090300543530581457695537123996365744235213893464695041459959887907103155023528049749257,high_precision_complement_interval,100
grid_138,50,200,0.40000000000000002,0.5,inherited_266,-25.8901096593552007210819515643547984654737016562568358444631864764009578264244090367462586139336337,high_precision_complement_interval,100
grid_139,200,200,0.40000000000000002,0.5,inherited_266,-0.6932010048730044269051212674928073105019708524767952425352261358196790152721234751891990794981635508,high_precision_lower_interval,100
grid_140,1000,200,0.40000000000000002,0.5,inherited_266,-295.457868048466275778692313731924141098122072093613960929535903402577358640739684027139804655617359,high_precision_lower_interval,100
grid_141,0.050000000000000003,1000,0.40000000000000002,0.5,inherited_266,-519.4878384877153811324603549476287959187445358462501405306352233386902162068670295681992212820119756,high_precision_complement_interval,100
grid_142,0.20000000000000001,1000,0.40000000000000002,0.5,inherited_266,-517.144135533733507970991220884329222199814281248402063053235554169355667453855129787234921017507402,high_precision_complement_interval,100
grid_143,1,1000,0.40000000000000002,0.5,inherited_266,-510.8256237659907202129482504755473004409244038236544457050685411714449429209215059460570716811699722,closed_a1,100
grid_144,5,1000,0.40000000000000002,0.5,inherited_266,-490.021831422666394800386248426245007894629956331321215579669233006238319785319124157935430031438348,high_precision_complement_interval,100
grid_145,50,1000,0.40000000000000002,0.5,inherited_266,-360.5282033726654852232807308682995930961089386304047266479461100058665125898628410786636449045880938,high_precision_complement_interval,100
grid_146,200,1000,0.40000000000000002,0.5,inherited_266,-157.4101231378246206216308870305140113341722399920304040286853067628482343233224233583354681622644738,high_precision_complement_interval,100
grid_147,1000,1000,0.40000000000000002,0.5,inherited_266,-0.693147180559945309581864348555562725896060163200057748134579940630797421166033372926601114019062561,high_precision_lower_interval,100
grid_148,0.050000000000000003,0.050000000000000003,0.69999999999999996,0.90000000000000002,inherited_266,-3.4818901026637011489131543002901974554769146386856323678015635727246778347645643736385892106481754,high_precision_complement_interval,100
grid_149,0.20000000000000001,0.050000000000000003,0.69999999999999996,0.90000000000000002,inherited_266,-3.033124178127843685840560844992804881259279632794481054537652882812823164448567698470394390703063242,high_precision_lower_interval,100
grid_150,1,0.050000000000000003,0.69999999999999996,0.90000000000000002,inherited_266,-2.98922267268135238435655493369000894977305745162974131204884931986239530451308203535222947248212404,closed_a1,100
grid_151,5,0.050000000000000003,0.69999999999999996,0.90000000000000002,inherited_266,-3.666364539397204083874807797849005187439354996381234603789077838684204798981709255892690433174948845,high_precision_lower_interval,100
grid_152,50,0.050000000000000003,0.69999999999999996,0.90000000000000002,inherited_266,-9.90416637064749551717243213497522849242005501405322796602922121991778509454724687989649167043144524,high_precision_lower_interval,100
grid_153,200,0.050000000000000003,0.69999999999999996,0.90000000000000002,inherited_266,-26.92709346748998334427988674184187753083987402243375727492997800720302534911683301219771318120265661,high_precision_lower_interval,100
grid_154,1000,0.050000000000000003,0.69999999999999996,0.90000000000000002,inherited_266,-112.712761412296370145972289003194222147568025784731897480082793237371878733832652749855495628734582,high_precision_lower_interval,100
grid_155,0.050000000000000003,0.20000000000000001,0.69999999999999996,0.90000000000000002,inherited_266,-3.259664939849529906077247354940273204932743770953809258886352880095048486776908938277699155676283171,high_precision_complement_interval,100
grid_156,0.20000000000000001,0.20000000000000001,0.69999999999999996,0.90000000000000002,inherited_266,-2.338062997365457764836480129885947873962770495024786381235439725682593000831293110154521767270819607,high_precision_complement_interval,100
grid_157,1,0.20000000000000001,0.69999999999999996,0.90000000000000002,inherited_266,-1.864035101620539340353714129747319746219954465505370795753422670653652198367963672352056301349043679,closed_a1,100
grid_158,5,0.20000000000000001,0.69999999999999996,0.90000000000000002,inherited_266,-2.265370280640088428401927207459668429377586921994136601148516412674475344768055575654934837511389482,high_precision_lower_interval,100
grid_159,50,0.20000000000000001,0.69999999999999996,0.90000000000000002,inherited_266,-8.198263765626116425209755625247713610067722043839695967828223443994203259767269977809770382796321734,high_precision_lower_interval,100
grid_160,200,0.20000000000000001,0.69999999999999996,0.90000000000000002,inherited_266,-25.02697357675805028341866576335058309237389630417576074886506475447991850539022397343879453695845103,high_precision_lower_interval,100
grid_161,1000,0.20000000000000001,0.69999999999999996,0.90000000000000002,inherited_266,-110.5759001570939615945066658965045810558762898479561303716327728290538033945467471842177051222008932,high_precision_lower_interval,100
grid_162,0.050000000000000003,1,0.69999999999999996,0.90000000000000002,inherited_266,-4.388327002508989751349099756428534172211201676090378281598525339669016955608711439297018674812632718,closed_b1,100
grid_163,0.20000000000000001,1,0.69999999999999996,0.90000000000000002,inherited_266,-3.036586617219575740339659938042913116518888487832703813569694938703133091987560663304730153940784424,closed_b1,100
grid_164,1,1,0.69999999999999996,0.90000000000000002,inherited_266,-1.609437912434100041533851945679280979218499279402675884293289502920101242620666313732594790839783585,closed_a1,100
grid_165,5,1,0.69999999999999996,0.90000000000000002,inherited_266,-0.8617551992261406779867435375082539118672971085854273382175410813277850455609359960658546886245781339,closed_b1,100
grid_166,50,1,0.69999999999999996,0.90000000000000002,inherited_266,-5.268029272504477530464798394162742240555882675979935048748870947720665822202315543950496158523091702,closed_b1,100
grid_167,200,1,0.69999999999999996,0.90000000000000002,inherited_266,-21.07210313156525531117579056631460368793671526372354091745337473059183654390480265292270223367704614,closed_b1,100
grid_168,1000,1,0.69999999999999996,0.90000000000000002,inherited_266,-105.3605156578262765558782113913899821254572321578660620480381910395054988882688460487409359111190612,closed_b1,100
grid_169,0.050000000000000003,5,0.69999999999999996,0.90000000000000002,inherited_266,-10.24992253968793883893283127069462707131055142813625910211098267383750286492999034988226305883972013,high_precision_complement_interval,100
grid_170,0.20000000000000001,5,0.69999999999999996,0.90000000000000002,inherited_266,-8.618972936873512778350661938043698127285296516546453825786661489090067128212790829131658616161561246,high_precision_complement_interval,100
grid_171,1,5,0.69999999999999996,0.90000000000000002,inherited_266,-6.023987738813541274753990831155281815444231838893670781201516779926470390915099574313005721774882546,closed_a1,100
grid_172,5,5,0.69999999999999996,0.90000000000000002,inherited_266,-2.323627540549828819353845162704711975459904659526115508577371859346868161611377625245846429741870286,high_precision_complement_interval,100
grid_173,50,5,0.69999999999999996,0.90000000000000002,inherited_266,-1.017793699347893997471183829191686560251946118715897209418057577728158690609410115789336770765141484,high_precision_lower_interval,100
grid_174,200,5,0.69999999999999996,0.90000000000000002,inherited_266,-12.03090297325246973758049556074346946635120548638258230562676885780936887996208818203385665246140031,high_precision_lower_interval,100
grid_175,1000,5,0.69999999999999996,0.90000000000000002,inherited_266,-90.07161934880777064982007182162738493693577826631645452450006328324383369601387851683743882829520123,high_precision_lower_interval,100
grid_176,0.050000000000000003,50,0.69999999999999996,0.90000000000000002,inherited_266,-66.55346539497505311262295218558448193880875597192206615819727265721929929435279611314008040759653431,high_precision_complement_interval,100
grid_177,0.20000000000000001,50,0.69999999999999996,0.90000000000000002,inherited_266,-64.57523286368348755612380203589876128403580556525466410996991009331808269742787873344211517290249597,high_precision_complement_interval,100
grid_178,1,50,0.69999999999999996,0.90000000000000002,inherited_266,-60.19864021629679222965048144667110590872173422922388632417364986647076306010764070863603366059088349,closed_a1,100
grid_179,5,50,0.69999999999999996,0.90000000000000002,inherited_266,-48.92717080135522165046604587129377740917445579345035404739313334149496558205450621956539187099103512,high_precision_complement_interval,100
grid_180,50,50,0.69999999999999996,0.90000000000000002,inherited_266,-11.07159142379125385484747949495562217996270198342173717966561890169128542102799140193856352931315493,high_precision_complement_interval,100
grid_181,200,50,0.69999999999999996,0.90000000000000002,inherited_266,-0.0001522163096160837617174542935664188126734930516723865775192258297923597508304538530721108209258535483,high_precision_lower_interval,100
grid_182,1000,50,0.69999999999999996,0.90000000000000002,inherited_266,-22.49927933361768408792330003685574506769823242445506103049014795308512261942647189598468975264580836,high_precision_lower_interval,100
grid_183,0.050000000000000003,200,0.69999999999999996,0.90000000000000002,inherited_266,-248.4601385020244096323229765325440835605377183100734096527145350607761098934234600389028301894297609,high_precision_complement_interval,100
grid_184,0.20000000000000001,200,0.69999999999999996,0.90000000000000002,inherited_266,-246.2740395517803005761020940967270383577759214564317977994480662474193639201331570956272385273868763,high_precision_complement_interval,100
grid_185,1,200,0.69999999999999996,0.90000000000000002,inherited_266,-240.7945608651871689186019202148621472408366509941284876760616321753961833656793462739548322704868694,closed_a1,100
grid_186,5,200,0.69999999999999996,0.90000000000000002,inherited_266,-224.147869220627217402214479158249166561577925398087881353766381694552592267341662223212359237845235,high_precision_complement_interval,100
grid_187,50,200,0.69999999999999996,0.90000000000000002,inherited_266,-137.4355864404186218628469580522614467573257428914838136813799148324523687236699712112511212041113157,high_precision_complement_interval,100
grid_188,200,200,0.69999999999999996,0.90000000000000002,inherited_266,-37.88234313246665119300933227697642053222728675758132325537054397880449717078588997835245727828398437,high_precision_complement_interval,100
grid_189,1000,200,0.69999999999999996,0.90000000000000002,inherited_266,-0.0000000000007171068577339746184430082224473959719092850928379301194403604810197620458021631264264789312596203099,high_precision_lower_interval,100
grid_190,0.050000000000000003,1000,0.69999999999999996,0.90000000000000002,inherited_266,-1213.16564007875408698301873140434951731735733318311658761795857537396492899036555514174404710138767,high_precision_complement_interval,100
grid_191,0.20000000000000001,1000,0.69999999999999996,0.90000000000000002,inherited_266,-1210.73815473422557779754161677126628762239995543441995075714466170020423490035619786962422919307858,high_precision_complement_interval,100
grid_192,1,1000,0.69999999999999996,0.90000000000000002,inherited_266,-1203.972804325935844593009601074310736204183254970642438380308160876980916828396731369774161352434328,closed_a1,100
grid_193,5,1000,0.69999999999999996,0.90000000000000002,inherited_266,-1180.934838478904223805325654891916954842990757489498534485561759271854502482812894200285006474859975,high_precision_complement_interval,100
grid_194,50,1000,0.69999999999999996,0.90000000000000002,inherited_266,-1026.309146130310950198132533969597291650890325444804960440199902199913643355510644756285704951496496,high_precision_complement_interval,100
grid_195,200,1000,0.69999999999999996,0.90000000000000002,inherited_266,-739.4577957421634727752617278340238164599535709551868769518647307418472443577554916116245736634809115,high_precision_complement_interval,100
grid_196,1000,1000,0.69999999999999996,0.90000000000000002,inherited_266,-178.1592165995371500884231723048742115403349776057359832888349014187580481274046248312679929886126091,high_precision_complement_interval,100
grid_197,0.050000000000000003,0.050000000000000003,0.94999999999999996,0.999,inherited_266,-2.554215552199075776101606059768712326957285815245310007549258268955796344805525197044746866949148436,high_precision_complement_interval,100
grid_198,0.20000000000000001,0.050000000000000003,0.94999999999999996,0.999,inherited_266,-2.07611717009000022254652358723783241402818067828579901562486472346464391364333706423107363187018442,high_precision_complement_interval,100
grid_199,1,0.050000000000000003,0.94999999999999996,0.999,inherited_266,-1.877671178689443691572786255921679388601712229143323170206369091568393006207946019949454309537297643,closed_a1,100
grid_200,5,0.050000000000000003,0.94999999999999996,0.999,inherited_266,-1.827280065801155059276406337020135657964441346396478249945732786952765724643967647983196769086440099,high_precision_lower_interval,100
grid_201,50,0.050000000000000003,0.94999999999999996,0.999,inherited_266,-2.146873173660566904250553861048212846420872186130857755413460306126734525978049607747753324996620588,high_precision_lower_interval,100
grid_202,200,0.050000000000000003,0.94999999999999996,0.999,inherited_266,-2.799121016084378639298667154046899598941912376609822166115405850154463429692694068878366730362257845,high_precision_lower_interval,100
grid_203,1000,0.050000000000000003,0.94999999999999996,0.999,inherited_266,-4.4633948589579247417094454402939372783086342922927081761229394097904382885954637246862989848819554,high_precision_lower_interval,100
grid_204,0.050000000000000003,0.20000000000000001,0.94999999999999996,0.999,inherited_266,-2.791090487392618679605884280937330854908360401334641507721570690293987503578274985802314196575951841,high_precision_complement_interval,100
grid_205,0.20000000000000001,0.20000000000000001,0.94999999999999996,0.999,inherited_266,-1.839960026556302186161922447839802150827551828139154404634489209534237261747864330820893465590265678,high_precision_complement_interval,100
grid_206,1,0.20000000000000001,0.94999999999999996,0.999,inherited_266,-1.210354361543495545899505944676288844640678124622870918998048792489334064451836438123823807740943652,closed_a1,100
grid_207,5,0.20000000000000001,0.94999999999999996,0.999,inherited_266,-0.8795738362010022549050549273602505636178774428852446862403896622277219524877869586658274778870156868,high_precision_complement_interval,100
grid_208,50,0.20000000000000001,0.94999999999999996,0.999,inherited_266,-0.9136756451873924914981882100673480224430257713662971312904687032473384949923843278903711176134037474,high_precision_lower_interval,100
grid_209,200,0.20000000000000001,0.94999999999999996,0.999,inherited_266,-1.444948413617372798655809199637975474838389205982983821245488637377865483950910253475234545997756652,high_precision_lower_interval,100
grid_210,1000,0.20000000000000001,0.94999999999999996,0.999,inherited_266,-2.949375503922430286495536120158713617631663854939256903246809689924141232116016051605962003807828489,high_precision_lower_interval,100
grid_211,0.050000000000000003,1,0.94999999999999996,0.999,inherited_266,-5.986932826450017097941284056214808049566398799244487338875389505724705103450096663878939162900480665,closed_b1,100
grid_212,0.20000000000000001,1,0.94999999999999996,0.999,inherited_266,-4.60455654780473042765209886690047449858984000617831695085798298824311892568121718677728824738330401,closed_b1,100
grid_213,1,1,0.94999999999999996,0.999,inherited_266,-3.015934980871509553664849177041895255076411039735502671409708773230488389392252863732445569606017204,closed_a1,100
grid_214,5,1,0.94999999999999996,0.999,inherited_266,-1.508556677519844109822359496464567735681195912257671287745309507874055035387984232634990487099798691,closed_b1,100
grid_215,50,1,0.94999999999999996,0.999,inherited_266,-0.1343767179023468277369161489141945671707029127824820630422663267132522418855369337326220231158795091,closed_b1,100
grid_216,200,1,0.94999999999999996,0.999,inherited_266,-0.2001428853410613311839527687159925727352143113474828447001140079485193303380574435737945551676872855,closed_b1,100
grid_217,1000,1,0.94999999999999996,0.999,inherited_266,-1.000500333583534389210613360026357233525121397732908223400036469326284420682798687076106763557188317,closed_b1,100
grid_218,0.050000000000000003,5,0.94999999999999996,0.999,inherited_266,-19.44091571560891816468781099874806562635634291483418457138656266627256305307830917881958858816440347,high_precision_complement_interval,100
grid_219,0.20000000000000001,5,0.94999999999999996,0.999,inherited_266,-17.7724905035790007677995589467137407388098199143290535847961186801565745624105335546887679800381008,high_precision_complement_interval,100
grid_220,1,5,0.94999999999999996,0.999,inherited_266,-14.97866137096995053140401939101118102900045501378520259753620422750622255242263487777332140435909229,closed_a1,100
grid_221,5,5,0.94999999999999996,0.999,inherited_266,-10.31229202294326977522513530035034273753725996712730006880686912685353204283402876842581567135265442,high_precision_complement_interval,100
grid_222,50,5,0.94999999999999996,0.999,inherited_266,-2.024584839531505380060840148499851764121704726550543631635803447267109752091917501313314622213743312,high_precision_complement_interval,100
grid_223,200,5,0.94999999999999996,0.999,inherited_266,-0.02339847042391534355428451687882507269643938539343650645001992476734350498360193055620934599132238992,high_precision_lower_interval,100
grid_224,1000,5,0.94999999999999996,0.999,inherited_266,-0.003705169785352992268825599084302402293148829376817173275496363592895581463140379817111721801909301605,high_precision_lower_interval,100
grid_225,0.050000000000000003,50,0.94999999999999996,0.999,inherited_266,-156.4246414694970338008568058832552165063529199964294002308389401606451422859734417490161410051523555,high_precision_complement_interval,100
grid_226,0.20000000000000001,50,0.94999999999999996,0.999,inherited_266,-154.4016888849047379974511159732549230143140682843633811867319289722202813440257625583804306554525716,high_precision_complement_interval,100
grid_227,1,50,0.94999999999999996,0.999,inherited_266,-149.7866136776995052628401938008851433611938828000967175191256640331948258755690577220816867699398017,closed_a1,100
grid_228,5,50,0.94999999999999996,0.999,inherited_266,-137.3233633963581363087847864433972899862189876079551396625354548042678910982477534607244799410095786,high_precision_complement_interval,100
grid_229,50,50,0.94999999999999996,0.999,inherited_266,-86.15751031730113788646780737488275789780488343898630648246215084892592765779269119211139612517189692,high_precision_complement_interval,100
grid_230,200,50,0.94999999999999996,0.999,inherited_266,-37.65334457636543396082885938349952458230488921944625508459139168202382218562250606142916257212347093,high_precision_complement_interval,100
grid_231,1000,50,0.94999999999999996,0.999,inherited_266,-0.4223719613850298442629493530615938150044847775851539774244500666660169900297664826842394146417737276,high_precision_complement_interval,100
grid_232,0.050000000000000003,200,0.94999999999999996,0.999,inherited_266,-607.1003742802826308736819695461409037347910277791715621056013752916907346467541341294252943815183237,high_precision_complement_interval,100
grid_233,0.20000000000000001,200,0.94999999999999996,0.999,inherited_266,-604.8687473933610197705814596031451022622184431961545559347220110213002166839460914766287042149858011,high_precision_complement_interval,100
grid_234,1,200,0.94999999999999996,0.999,inherited_266,-599.1464547107980210513607752035405734447755312003868700765026561327793035022762308883262967197964698,closed_a1,100
grid_235,5,200,0.94999999999999996,0.999,inherited_266,-581.2857354756082935564167127760017108235042276848514177641492895354037652362185983193376324503586611,high_precision_complement_interval,100
grid_236,50,200,0.94999999999999996,0.999,inherited_266,-480.9208770581865847014597626353929356178590057378925611326688946430590566991513323564511637519973963,high_precision_complement_interval,100
grid_237,200,200,0.94999999999999996,0.999,inherited_266,-335.9567593132904516232455050169822344090623139863022265349266534955236152854286250938340875191623661,high_precision_complement_interval,100
grid_238,1000,200,0.94999999999999996,0.999,inherited_266,-113.0721812601688298996802027632854703114672938925661962434570211667902762489916442026359516734469657,high_precision_complement_interval,100
grid_239,0.050000000000000003,1000,0.94999999999999996,0.999,inherited_266,-3005.214865340150816315431429325744806205690716481571591532658345794722805314834661513868096026734686,high_precision_complement_interval,100
grid_240,0.20000000000000001,1000,0.94999999999999996,0.999,inherited_266,-3002.74162903220249962981991857012447347593686610426631253856035782152530517202112761797610673606102,high_precision_complement_interval,100
grid_241,1,1000,0.94999999999999996,0.999,inherited_266,-2995.732273553990105256803876017702867223877656001934350382513280663896517511381154441631483598982349,closed_a1,100
grid_242,5,1000,0.94999999999999996,0.999,inherited_266,-2971.474284085690117448723959724386720534164648688860202481150911910445532008568786931164234490741352,high_precision_complement_interval,100
grid_243,50,1000,0.94999999999999996,0.999,inherited_266,-2803.123527374752361007470031045021172272022816405227628036182176478724902099120822870497224893970952,high_precision_complement_interval,100
grid_244,200,1000,0.94999999999999996,0.999,inherited_266,-2470.524797287484953245570294411772181225068467173918606479430029347875566089126908871745342884265273,high_precision_complement_interval,100
grid_245,1000,1000,0.94999999999999996,0.999,inherited_266,-1665.345478201487297105472249245552924013864271054565051499844425601345322742448073698970382656915141,high_precision_complement_interval,100
tiny_u_shape,1e-08,1e-08,0.10000000000000001,0.90000000000000002,inherited_266,-17.63348575326367188493373168418547125457126718867841502721462310064905891071893697733630702319972963,high_precision_complement_interval,100
tiny_left_shape,9.9999999999999995e-08,0.20000000000000001,0.29999999999999999,0.40000000000000002,inherited_266,-17.02089329109632984829236887097397558464210592069739264727191528852871580192239845894018774680713962,high_precision_complement_interval,100
tiny_right_shape,0.20000000000000001,9.9999999999999995e-08,0.40000000000000002,0.5,inherited_266,-17.18100072747864525819451269397102098557749268034256085356245262198248864332617116122207855254232331,high_precision_lower_interval,100
inherited_switch_1,2.5,7.5,0.29999999999999999,0.30000296999999998,inherited_switch_24,-11.868520938716499004456395534642233850995333126990465108808282887856080916624794757779981379534335,high_precision_complement_interval,100
inherited_switch_2,2.5,7.5,0.29999999999999999,0.30000303,inherited_switch_24,-11.84852040057482110361166099762307238637887714924120809364316211377686046391517309330868321910730855,high_precision_complement_interval,100
inherited_switch_3,2.5,7.5,0.29999999999999999,0.30000299969999999,inherited_switch_24,-11.8585706715019403878656264652145578863063841179115721019662163856845082020452254846438731557383003,high_precision_complement_interval,100
inherited_switch_4,2.5,7.5,0.29999999999999999,0.30000300029999999,inherited_switch_24,-11.85837067278895904119733846819155941020637466862720501726420661844238629467683597039682995941404223,high_precision_complement_interval,100
inherited_switch_5,2.5,7.5,0.29999999999999999,0.30000299999699997,inherited_switch_24,-11.85847166714515496373843993805687472615888439951258454606386301537738274653632958568057223499648143,high_precision_complement_interval,100
inherited_switch_6,2.5,7.5,0.29999999999999999,0.30000300000300001,inherited_switch_24,-11.85846966714674462141644194818829071940809267944006713821478819350118484056057844419614140765858512,high_precision_complement_interval,100
inherited_switch_7,1,1,0.29999999999999999,0.30000296999999998,inherited_switch_24,-12.72694860515268424900736494450247529203609257992598713138999951495339308579470069316354860922995408,closed_a1,100
inherited_switch_8,1,1,0.29999999999999999,0.30000303,inherited_switch_24,-12.70694793843805733089305316017312128808010610498983843241722943204633616317226557414417351266234772,closed_a1,100
inherited_switch_9,1,1,0.29999999999999999,0.30000299969999999,inherited_switch_24,-12.71699827429451966289800766969587505144533961487118522179956919376965309424419468922223875453306788,closed_a1,100
inherited_switch_10,1,1,0.29999999999999999,0.30000300029999999,inherited_switch_24,-12.71679827429580883914194546004402446638135520710158654513955842384905249592691223804722029035712903,closed_a1,100
inherited_switch_11,1,1,0.29999999999999999,0.30000299999699997,inherited_switch_24,-12.71689926930129818427336156981286645953377289032518492104640379711729262999579385783517517434606342,closed_a1,100
inherited_switch_12,1,1,0.29999999999999999,0.30000300000300001,inherited_switch_24,-12.7168972692900304746186229590974384611725162828346297670083158714720131081366496149151786289465897,closed_a1,100
inherited_switch_13,3.5708684811968198e-05,3.5708684811968198e-05,0.20000000000000001,0.80000000000000004,inherited_switch_24,-9.91353733401512412259684578456168044974018905552533841114231013398747171844384918174628224915892791,high_precision_complement_interval,100
inherited_switch_14,3.6430072383927203e-05,3.6430072383927203e-05,0.20000000000000001,0.80000000000000004,inherited_switch_24,-9.893537777714946971165301635464402932476998713650091860956239209415463686201414330300149108558688361,high_precision_complement_interval,100
inherited_switch_15,3.60657716600879e-05,3.60657716600879e-05,0.20000000000000001,0.80000000000000004,inherited_switch_24,-9.903587552813385013687689338437417921877746200046324336433500176708420444372366666767197071800201324,high_precision_complement_interval,100
inherited_switch_16,3.60729855358075e-05,3.60729855358075e-05,0.20000000000000001,0.80000000000000004,inherited_switch_24,-9.903387563916783007742301352595002566574316583859203794375458722567460827637807815708001238551798576,high_precision_complement_interval,100
inherited_switch_17,1.7854094573256499e-05,3.5708189146512998e-05,0.20000000000000001,0.80000000000000004,inherited_switch_24,-10.31900258113975807125909081120293713706462960250671824274533280760341293025817282754174148204788031,high_precision_complement_interval,100
inherited_switch_18,1.8214783352514198e-05,3.6429566705028498e-05,0.20000000000000001,0.80000000000000004,inherited_switch_24,-10.29900274724684306368547324016452919028900418383298804515221905681194617393107636114381483396994951,high_precision_complement_interval,100
inherited_switch_19,1.8032635518989101e-05,3.6065271037978202e-05,0.20000000000000001,0.80000000000000004,inherited_switch_24,-10.30905266252950691566512819804702970098907131527577221622284677146619256804741039457856103214108179,high_precision_complement_interval,100
inherited_switch_20,1.8036242406781701e-05,3.6072484813563301e-05,0.20000000000000001,0.80000000000000004,inherited_switch_24,-10.30885267085697744321127331801985595329370650917479382977719073198713347162334502958164300131720499,high_precision_complement_interval,100
inherited_switch_21,3.6063771102474901e-08,3.6063771102474901e-08,0.20000000000000001,0.80000000000000004,inherited_switch_24,-16.81134284162796439387555434406365258625774514219561923461765658579585347051077035396859068520984115,high_precision_complement_interval,100
inherited_switch_22,3.6070984578042899e-08,3.6070984578042899e-08,0.20000000000000001,0.80000000000000004,inherited_switch_24,-16.81114284163840352899146497696265236794464347973807664147226223731546064925480128088044970432584909,high_precision_complement_interval,100
inherited_switch_23,1.8031885411129899e-08,3.6063770822259798e-08,0.20000000000000001,0.80000000000000004,inherited_switch_24,-17.21680794362711949045671019256772801484432097575152039372286633902316636470715046943782245974688688,high_precision_complement_interval,100
inherited_switch_24,1.80354921488859e-08,3.60709842977718e-08,0.20000000000000001,0.80000000000000004,inherited_switch_24,-17.21660794363478111228777285812562452806726270663931088263125128498866652415971986921035869890836795,high_precision_complement_interval,100
review_counterexample,1e-08,1e-08,0.40000000000000002,0.5,new_counterexamples,-20.01654839422957732878303081929671576389345901404564295929289589981730708577868099920471497176330031,high_precision_lower_interval,100
tiny_shape_1e12,9.9999999999999998e-13,9.9999999999999998e-13,0.40000000000000002,0.5,new_counterexamples,-29.2268887522077736871114678674031920882263449815716897977733452329047350740506319570206463476806421,high_precision_lower_interval,100
tiny_shape_1e6,9.9999999999999995e-07,1.9999999999999999e-06,0.20000000000000001,0.80000000000000004,new_counterexamples,-13.20119653460697395488945067843511594694427780841616247451115929349299391363375446031025880204657399,high_precision_complement_interval,100
tiny_shape_asymmetric,1.0000000000000001e-09,2.9999999999999997e-08,0.29999999999999999,0.59999999999999998,new_counterexamples,-20.53070419191245402515240931574440382689515861610210203771130231403682876403026874343485147431039391,high_precision_complement_interval,100
audit_gap_1_0.01_-1,3.5708684811888563e-05,3.5708684811888563e-05,0.20000000000000001,0.80000000000000004,audit_gap_switch,-9.913537334017354119945022637308872458003683935107878250972428148189600944093614812178382462991918891,high_precision_complement_interval,100
audit_gap_1_0.01_1,3.6430072383845915e-05,3.6430072383845915e-05,0.20000000000000001,0.80000000000000004,audit_gap_switch,-9.893537777717178190987165767014365833451994968610512905838310700664480980162640680957150081808925941,high_precision_complement_interval,100
audit_gap_1_1e-04_-1,3.6065771660007453e-05,3.6065771660007453e-05,0.20000000000000001,0.80000000000000004,audit_gap_switch,-9.90358755281561547574227245660105147021757902136656425140889399392503803768183318706950739792330197,high_precision_complement_interval,100
audit_gap_1_1e-04_1,3.6072985535727025e-05,3.6072985535727025e-05,0.20000000000000001,0.80000000000000004,audit_gap_switch,-9.90338756391901377507741030731814757117709517778842596319615570211832135717278657780821200227876443,high_precision_complement_interval,100
audit_gap_1_1e-06_-1,3.6069342528488642e-05,3.6069342528488642e-05,0.20000000000000001,0.80000000000000004,audit_gap_switch,-9.903488553312294271127045407614925448531339788473942221592142244488232197625140301122780016299540371,high_precision_complement_interval,100
audit_gap_1_1e-06_1,3.6069414667245836e-05,3.6069414667245836e-05,0.20000000000000001,0.80000000000000004,audit_gap_switch,-9.903486553423334972720413101813770244514879698163610953304953489760627596196155074769484873870922711,high_precision_complement_interval,100
audit_gap_2_0.01_-1,1.7854094573244593e-05,3.5708189146489186e-05,0.20000000000000001,0.80000000000000004,audit_gap_switch,-10.31900258114042488772774666712007151982267503436836887292361037993884100196439353317181950790502345,high_precision_complement_interval,100
audit_gap_2_0.01_1,1.8214783352502062e-05,3.6429566705004124e-05,0.20000000000000001,0.80000000000000004,audit_gap_switch,-10.29900274724751025344284259831527180753092558324172080431250932416894716498543677006078999574728526,high_precision_complement_interval,100
audit_gap_2_1e-04_-1,1.8032635518977039e-05,3.6065271037954078e-05,0.20000000000000001,0.80000000000000004,audit_gap_switch,-10.30905266253017577224723438549998247325843177664184849350492439561557413042135810703831446130334387,high_precision_complement_interval,100
audit_gap_2_1e-04_1,1.8036242406769616e-05,3.6072484813539232e-05,0.20000000000000001,0.80000000000000004,audit_gap_switch,-10.30885267085764654175596247442875710359948999791013983308701224588883917438800991657232657744120641,high_precision_complement_interval,100
audit_gap_2_1e-06_-1,1.8034420928434365e-05,3.6068841856868729e-05,0.20000000000000001,0.80000000000000004,audit_gap_switch,-10.30895366165277045992970639604361937502018429420591595047454266743945318454866640567007396282401492,high_precision_complement_interval,100
audit_gap_2_1e-06_1,1.8034456997312291e-05,3.6068913994624581e-05,0.20000000000000001,0.80000000000000004,audit_gap_switch,-10.30895166173605182611034274745013274227689818905331655398040050450988342285271850254046674069873398,high_precision_complement_interval,100
audit_shape_0.01_-1,9.9000000000000001e-06,0.20000000000000001,0.29999999999999999,0.40000000000000002,audit_shape_switch,-12.42582997603234828318155530052350259888271141387861359278953006635353940928597713563423218968112627,high_precision_complement_interval,100
audit_shape_0.01_1,1.0100000000000002e-05,0.20000000000000001,0.29999999999999999,0.40000000000000002,audit_shape_switch,-12.40583046307800212715967175122778556227646095378387983075430692769124307368196381696205599955124414,high_precision_complement_interval,100
audit_shape_1e-04_-1,9.9990000000000003e-06,0.20000000000000001,0.29999999999999999,0.40000000000000002,audit_shape_switch,-12.4158802162867034378696397827742706408010910775954751171812251048081517588644700173816771433490323,high_precision_complement_interval,100
audit_shape_1e-04_1,1.0001000000000001e-05,0.20000000000000001,0.29999999999999999,0.40000000000000002,audit_shape_switch,-12.41568022782355990662823285389045191288223986895998225789815278430746339132111111463158456530487313,high_precision_complement_interval,100
audit_shape_1e-06_-1,9.9999900000000001e-06,0.20000000000000001,0.29999999999999999,0.40000000000000002,audit_shape_switch,-12.41578121699794411366509958690598097732083939243432086094076906412648809181305670591376655648039748,high_precision_complement_interval,100
audit_shape_1e-06_1,1.000001e-05,0.20000000000000001,0.29999999999999999,0.40000000000000002,audit_shape_switch,-12.41577921711331937484398314213775926311219974185204045257709870709140217573472851664999807998440439,high_precision_complement_interval,100
