"Path","Bytes","SHA256"
"asset_upload_plan.json","21581","3d33ebc9dc46833b9c70194d6b47e5826868da102f68298da31e7b5ac04e18f7"
"figure_metadata_final.json","405","cbfeae00ac273d008af96d6ae5d332ca12094f4a17bf4a6bdf55437e69792baf"
"figure_metadata_final.txt","533","488121654630259a59286a2e24d0f04b419a843b95574b77da744f75608ab590"
"git_snapshot_validation.json","525","caf36625f47089ba71c6bdabb5eb95505b36c80d2547e4bbdb68add340c55815"
"manage_v3_2_release.ps1","3140","4aaa61f65c818c49382d005e982fb1aa990868af280e63bf133a90809c5ca5b6"
"README_archive_zh.md","670","c8ad3fcb8f69b67f6146b88a7242e49d93e8c45581c1971d2edac491a5c9efc9"
"release_draft_state.json","241","433d176f8a2d66420f260c2559ed01a031c381d038ec065e04ad4e548971ca0a"
"RELEASE_NOTES_v3_2.md","2066","4de342eee11ba1c31f87e58d9c6d2a7346ae316d87efbe8c2d9c16cf04fe0a61"
"release_state.json","241","433d176f8a2d66420f260c2559ed01a031c381d038ec065e04ad4e548971ca0a"
"remote_primary_assets_verified.json","37564","fb6d775db7ceeb2520c55d2b1a1caac007ebd620c3016321a5d27440cfe33380"
"restore_local_validation.log","3382","ded4cab91e88e347215a13bd631a771bafe2517c465fe5981b01e2780e050452"
"restore_v3_2_evidence.py","4231","70adc141abc716e33aa9f4a5144debe1f16a8be0b36491a914d43d009519548c"
"source_whitespace_check.log","286","8a82e904eed6c759132c660c8b3d14e7181556f51389579ab4d442c1e06b46bf"
"upload_all_v3_2.ps1","1527","5f53ecec12ab08dd86fe25049bc9ea7c8aec6c5a2153ad017bd5086bcabf455a"
"upload_batch_results.json","9724","eb85b98781ae16089ec559857d2c9cfb14a5fcb58452a3e909dfd8740744bda4"
"v3.2-complete-evidence.build.json","393","a3daef014869fbb40502ed2852afb1dfecbfc3173b5d81a7e6e0721180c8e670"
"v3.2-complete-evidence.files.csv","52985","a1ebb8116344523e0fd7075d5efdd3d4e4455bafd5293aecec04bff06711f241"
"v3.2-complete-evidence.parts.json","12029","f0bd5d1c325dfb7000fce7ee45820e786b3ae4b5ca6e378fd9e827afda7eef29"
"v3.2-complete-evidence.parts.json.sha256","100","c6a9d2616009b35197cad312090eb4511818aab360706d81ed0afc544978f851"
"v3.2-complete-evidence.zip.sha256","94","80314f6594597917fe595baba79553b1d7096c6e0c6b9938d0cad9d2db2fd1fd"
"v3.2-complete-git-changes.patch","13960960","2751a2f6ec48583dbd9825979c3962038c419d01fb710bc34f27d8ca5cccb894"
"upload_logs/manage_v3_2_release.ps1.log","513","8398783276e78933ecef5c93c6b85e46d627ed6a67e66b7b47bfcaa5c9bd5e9a"
"upload_logs/README_archive_zh.md.log","503","a9b55e23ea7bc5d4bb9446cfb0cd6167cc6708ad193485f3f2c106068d512137"
"upload_logs/RELEASE_NOTES_v3_2.md.log","507","284dd1586c62650fc754c7846eb2be1e71494ac16c9ee0fab41b526357ca047f"
"upload_logs/restore_local_validation.log.log","528","7a91df324b6e8a55e5399fd14aeabcc8000bcfe478ced8446ce53c72a6ae1f89"
"upload_logs/restore_v3_2_evidence.py.log","516","4d86b40fa1a348c30b9257da52cda9157352388209987b61cecdb9680f73ad81"
"upload_logs/source_whitespace_check.log.log","524","efbdee19a80c363890a3d286ada9b04e40cc4ab95ff24b2ef2f745906e114342"
"upload_logs/v3.2-complete-evidence.build.json.log","542","4d0e4e3d7dd9e1cd116a79f89d8cb3b8d8a172508341803b1b0b21e2b5e3e7b9"
"upload_logs/v3.2-complete-evidence.files.csv.log","541","c41cda77d91ddcafae35fd467794452aa7df90e7ed28f85b5aa12962439ee259"
"upload_logs/v3.2-complete-evidence.parts.json.log","544","1ed3e28e96f0978c737b1683cdc7a091ac7857e67af44df000f8e941cd9a7b6b"
"upload_logs/v3.2-complete-evidence.parts.json.sha256.log","563","d951c87d478453434e1c1ece162f181098f316fc8a48cb7915ff3bf0fb90ac5f"
"upload_logs/v3.2-complete-evidence.zip.part001.log","617","6dc4c7035ebb5185b6e00e3fa70eb48b11d323f329b33e296b553dd14263cd8e"
"upload_logs/v3.2-complete-evidence.zip.part002.log","685","92112bdf39af8ab8ac1649351d88d8a508cf5a70a85ef1c8e613ffd03036fa00"
"upload_logs/v3.2-complete-evidence.zip.part003.log","617","107c8c4351ac4e9265123f32a87e81268073501049e1e167258b7c1978363c78"
"upload_logs/v3.2-complete-evidence.zip.part004.log","956","b618f3b43cc20734e853163538fa465645f7ef76154edc93219af738a5b36262"
"upload_logs/v3.2-complete-evidence.zip.part005.log","550","da764c6fa438cbc396a2617bb58309430ac29e2776d84d39c077622c4433f672"
"upload_logs/v3.2-complete-evidence.zip.part006.log","685","eeab8de90cd740099609dbce4233d1c39a4ab4322b2720d782ea4c95a5cb430e"
"upload_logs/v3.2-complete-evidence.zip.part007.log","617","8ccddbb68ab07d65281a63688b8bc0b5a9c5622fd7316e5cd7f735536db04d12"
"upload_logs/v3.2-complete-evidence.zip.part008.log","617","16b535e23c39db0d26d7c356c933f7e979d84b205ddf95859a3936a79a177a4a"
"upload_logs/v3.2-complete-evidence.zip.part009.log","617","cc299a121dd147256ddc212bf81e0832091a2332a0ee768a0b74269c93cecf13"
"upload_logs/v3.2-complete-evidence.zip.part010.log","617","8825e87f13b71579347bee00804c1cd522858804492eb30201f57fd3cbbea96d"
"upload_logs/v3.2-complete-evidence.zip.part011.log","887","4acde37c6733e0ca2211a174f79e8bd2e308f5c5270b23a148a6cc304205666e"
"upload_logs/v3.2-complete-evidence.zip.part012.log","550","1774c2cea20b681755b4efae92fce4b81a6e48007fcf454e1202f518a4680f96"
"upload_logs/v3.2-complete-evidence.zip.part013.log","751","21bc0e38ee7738a26d630ce6307f645fbbad5fa936e074d1196492a7f8cc1a1b"
"upload_logs/v3.2-complete-evidence.zip.part014.log","550","c9a967d3fb0d5bfd83dd245a3f6961c83149e499f73d7c1182b971350d02d18b"
"upload_logs/v3.2-complete-evidence.zip.part015.log","617","ac42312d17e03494375c771dcbb4d75a2e9ccc35b861705162aa1779fb0fd51b"
"upload_logs/v3.2-complete-evidence.zip.part016.log","685","ee6f1156d6a616d1d02573712949da0f78c5542e0162c5237ecad43650f647f7"
"upload_logs/v3.2-complete-evidence.zip.part017.log","617","a7e3afe71d54781e00214db98ee0bcb36d642e4a1e637449dc1d43fc58519b81"
"upload_logs/v3.2-complete-evidence.zip.part018.log","550","61f4b287a913593ef72ef258eb2d1c960e396e82ce1f93fa220ae67887981cae"
"upload_logs/v3.2-complete-evidence.zip.part019.log","686","37584a532fc5a3ff91aef60c5294c9c53ed54c9f09ea894e67a42a989f1e3371"
"upload_logs/v3.2-complete-evidence.zip.part020.log","618","2d0d72ff1204be02778af8e36de433de664d60978fed9346e74efbc0418e0a31"
"upload_logs/v3.2-complete-evidence.zip.part021.log","617","7120238b619b7cc2995e680ed97a2eb70ed1a29f4983c00995633c4a61a05a31"
"upload_logs/v3.2-complete-evidence.zip.part022.log","618","b265fda9444aa44a253ab7e320d1f903293121d1f9f7f494560cfcd3ce594103"
"upload_logs/v3.2-complete-evidence.zip.part023.log","618","59d50b3e2aa3da123ba70f269954ee54dc895c081510b5f211534cb852018ba6"
"upload_logs/v3.2-complete-evidence.zip.part024.log","617","d22ead87c53b326cd43be557ec6953b1a41c427ee157f0c9a3e977027422a691"
"upload_logs/v3.2-complete-evidence.zip.part025.log","617","57477e8100eb613fec1b4144196dc233c3d77bdefb81f87fdc7d0344b6908207"
"upload_logs/v3.2-complete-evidence.zip.part026.log","685","ca576c90b58460c53ad7d5b47bc120cf149827220e5399db1a2268bbafb1ea1a"
"upload_logs/v3.2-complete-evidence.zip.part027.log","618","eff3a8b346341122e08a61b274b5bf43e338178eadc9cecdfaa68cc15982da0a"
"upload_logs/v3.2-complete-evidence.zip.part028.log","617","7b539a709e11a8ca5324aaa8eccaf53d0ebb24b0a5478d5820b1afe3f95906a6"
"upload_logs/v3.2-complete-evidence.zip.part029.log","618","87120e12d81921cff055a4ab2e0c0471701dcacafb497babb3d03450f3f7261d"
"upload_logs/v3.2-complete-evidence.zip.part030.log","685","1b79255688d13ef4e9ccbc4aba556bb37cdce8302efa94b6716dc68241a95cfd"
"upload_logs/v3.2-complete-evidence.zip.part031.log","685","036de4c383fd2ad11be50fa870b4c2479bb2ae2949918971d1fad8c7bbbb0432"
"upload_logs/v3.2-complete-evidence.zip.part032.log","550","c02967734d3069814afc6e0fe659f8c7dd800aefc489cb05a90e6cbba5bcdbd8"
"upload_logs/v3.2-complete-evidence.zip.part033.log","685","336c29e49ac0a8c0be68667a4e9ce852277efd38feb16c81b515773901b20690"
"upload_logs/v3.2-complete-evidence.zip.part034.log","550","c31e4b013a35dd5377ed879b6dc0cf8abc0a09bc5181865bf56b5707fde46bcf"
"upload_logs/v3.2-complete-evidence.zip.part035.log","617","8669d7a2929444549308d461bad040dde4c9f31141e9b0ba38b4aa51e6003887"
"upload_logs/v3.2-complete-evidence.zip.part036.log","752","d8caf92efe3e17f1c5654cc7d8e51a1747cdcf54e53906a6dbbb4205d5dd4072"
"upload_logs/v3.2-complete-evidence.zip.part037.log","550","c0476e1f7a4d9eebd74a9323d7135552d05cd2b0a81b59528678b214d88b900b"
"upload_logs/v3.2-complete-evidence.zip.part038.log","685","a43f0f8c55b050f27222f9a4f864a4e52b38012dbd8edeaf6c14fa16751d73f2"
"upload_logs/v3.2-complete-evidence.zip.part039.log","618","ddce3ed9b83f0c6d65a61a64ba24f47af171ab76a65113143cb6f6bd2c322ce7"
"upload_logs/v3.2-complete-evidence.zip.part040.log","953","cd20d51d3730a3d50be42189da69399ffc9e5214fa1fd3c08a3dd67bfb3407dc"
"upload_logs/v3.2-complete-evidence.zip.part041.log","550","270c79a42f199fb665d66901448c4f7e74613831f69a18bd0e12145d0a54930a"
"upload_logs/v3.2-complete-evidence.zip.part042.log","617","c8e2aab940b2207f001814994bfa1de4f2d6370b7615bc871f6aa25d15be2d29"
"upload_logs/v3.2-complete-evidence.zip.part043.log","617","516926112450953abe7c716456a50dfc156cc07b51b37da31f77e2c884744e7c"
"upload_logs/v3.2-complete-evidence.zip.part044.log","685","52f0812d9352062ff6999367f0df7564189b36ca7a34f230ff33bd5062cd89dd"
"upload_logs/v3.2-complete-evidence.zip.part045.log","618","65d270d37226a2ba721e23b94da62166dcf0198b436e0e737106fe42af87b6db"
"upload_logs/v3.2-complete-evidence.zip.part046.log","617","eb0b96e563664f96d9643d50c7879440310e3fc16fd9c187c1b5edf2228ca825"
"upload_logs/v3.2-complete-evidence.zip.part047.log","617","b12d9c668c67b3a073461ce92e43b7127e10ffcf17e9fbda120022249f762f3b"
"upload_logs/v3.2-complete-evidence.zip.part048.log","752","de8056cd2bba930db6054d62e77a8c95131c605f4af0278fdf64d085ff3a5050"
"upload_logs/v3.2-complete-evidence.zip.part049.log","617","50f40a6d2f150b3290fed374aa94c2d2e2a3d91eeac6ede0bda34d1c4ef1efd7"
"upload_logs/v3.2-complete-evidence.zip.part050.log","685","b23b7c1fe8c34bf90ec34ee0f2e037f87c53d9fbedfbdb9eabcd835172a33b3e"
"upload_logs/v3.2-complete-evidence.zip.part051.log","685","cf361cc0646aabae76494d129cde86be0c4df4a150c5e2c8c0bb4fd050bf5cb7"
"upload_logs/v3.2-complete-evidence.zip.part052.log","685","01f041bf69fd3fc7ac82f1fdf3b126d910122407c18d1e77af89cf4c54d9460e"
"upload_logs/v3.2-complete-evidence.zip.part053.log","685","ac2b9de568dc15a172fa0d1ab08a4acb13371c6724e89fd384110d2aa5d22011"
"upload_logs/v3.2-complete-evidence.zip.part054.log","617","f2bcfa07f01a595711d3d83c9adb5d628301c00ef2251f4852b37e8c6d46aebf"
"upload_logs/v3.2-complete-evidence.zip.part055.log","618","1a59b854559ba8d46ccae6953d94fb3e221861911415aea98a65b6bf4c3bdb37"
"upload_logs/v3.2-complete-evidence.zip.part056.log","617","871c3fb60bfa353d1952786f9dad41e58231b54993d8ae93f27691d25cfa6763"
"upload_logs/v3.2-complete-evidence.zip.part057.log","618","2434750a22d57d8ce93fb349c0343c51b5cabcb215521400a7b49172c80ac9ff"
"upload_logs/v3.2-complete-evidence.zip.part058.log","617","6e1614f4ee8eb8481c9f5a84a5de2722301c404806d4a9b26036fa6e5c3cd8ad"
"upload_logs/v3.2-complete-evidence.zip.part059.log","618","7adad23e114abe6508afa0e88aa99d94775aeeaa9e3c8ee3a109ccf5ba016585"
"upload_logs/v3.2-complete-evidence.zip.part060.log","618","19fa857d3ac2923facead2da794da831266c41df1d562a6eef48dbb7712648d5"
"upload_logs/v3.2-complete-evidence.zip.part061.log","548","9c5129a0517d68cda1cad115c08f424d0bc29fbb3805d1b909beba36d4e99b4e"
"upload_logs/v3.2-complete-evidence.zip.sha256.log","541","d2e4742b39bebf597ea0c0abe788ce282b4559a0c9d6e56d67d9a46e220e3aac"
"upload_logs/v3.2-complete-git-changes.patch.log","671","bb84676d162990b48746c57a412257662d4d35b558cf24ef6367751b5c52518e"
"upload_receipts/manage_v3_2_release.ps1.json","456","b9485db6c439f7295e5245043d3d0291ae42742f9fe7cca5b4031fc12bee8705"
"upload_receipts/README_archive_zh.md.json","449","94bab74b2ede5e2052dee9076b01f6ea337b3d90ee6420a940cc36c9934cab31"
"upload_receipts/RELEASE_NOTES_v3_2.md.json","452","cbcc6aff4d82e1b790534f19d6523c17fdfec6426ccac741a4bb069e7dc5ed60"
"upload_receipts/restore_local_validation.log.json","466","f67d5eab936485d5fd887e20ff3faea26df775dbccc171b40ab6733e38e859a4"
"upload_receipts/restore_v3_2_evidence.py.json","458","5aad113658b9d214c331fc88d86c96b7b3766d369697b944cce3dbd7bd1602bd"
"upload_receipts/source_whitespace_check.log.json","463","4c1404086c44fc17782ebcf467772f516a2dd56c3ba4e7d99581b8ad439be381"
"upload_receipts/v3.2-complete-evidence.build.json.json","475","6ba9f995df349f1af1bc80cf2c6e84e8d2d1350848fb3a5cef18bb37ff0e9a96"
"upload_receipts/v3.2-complete-evidence.files.csv.json","475","c59b73577521e2179d0f19af919d552422525abd000d8b9d81e54d9af418eebb"
"upload_receipts/v3.2-complete-evidence.parts.json.json","477","58ed5b94c59d1e99598b40089c1ab835357a3a837f65e586902d3326d60ea074"
"upload_receipts/v3.2-complete-evidence.parts.json.sha256.json","489","8683960374174f08290db5c1dccc33f2d01514ea0634f7e8b603202161704e46"
"upload_receipts/v3.2-complete-evidence.zip.part001.json","482","48595d1b3c673691e6ac824fdb67e210108d9598f207d832459fb8b12063b316"
"upload_receipts/v3.2-complete-evidence.zip.part002.json","482","897fa9bd845f209e0d01f2a8b53936946c63a9e89a5bb05031f126027692351d"
"upload_receipts/v3.2-complete-evidence.zip.part003.json","482","2459d434c84557dc6e10e3dae9c470ed660acec3a247b1a36027f68b126773bb"
"upload_receipts/v3.2-complete-evidence.zip.part004.json","482","979914a0bc8d622779894ac9713c332fb74db0d9ec8f98ab9bf42dbc92800eec"
"upload_receipts/v3.2-complete-evidence.zip.part005.json","482","a6f2b29920711260e8302649ea09eb9a617ece82b3dc3d26535ae4b3a0523d87"
"upload_receipts/v3.2-complete-evidence.zip.part006.json","482","5a77aa7c3a79067f58ec011c317f96262473dc9488033c0b6555d923a26974f7"
"upload_receipts/v3.2-complete-evidence.zip.part007.json","482","f7dfd6bd62ad797876eb3f258cb344cd0e81a58c55d0a0351a26e6d519a7316e"
"upload_receipts/v3.2-complete-evidence.zip.part008.json","482","ceaf938dda460361c01c79ac1956cce71a4c00fcc1eeabc8a5c74ed12fb4dbf6"
"upload_receipts/v3.2-complete-evidence.zip.part009.json","482","bb6a360878a17ea39c1c4f52fa675665737b42d7e095e70f5b7bbd790c12b3dc"
"upload_receipts/v3.2-complete-evidence.zip.part010.json","482","509db039a45577d93ee2cc2a4c5de256f0f50e34c9e35c0e293021b091a2f8e3"
"upload_receipts/v3.2-complete-evidence.zip.part011.json","482","4dcbbce7cb5d240642a90d9b04e33996b33c9f79121785812267b06afc8400ab"
"upload_receipts/v3.2-complete-evidence.zip.part012.json","482","05f8a283578dbe88ef09c44436530aeb594d203207cfb15ac2748364252cb7eb"
"upload_receipts/v3.2-complete-evidence.zip.part013.json","482","9137c1bd05e09cdea778aabe27d8c350ef22fde3a4be305f068e4443c5ea0d0b"
"upload_receipts/v3.2-complete-evidence.zip.part014.json","482","060b75244561434feaa6ea39de9292d59ceea6597e205c48dfa9ca3068caccb1"
"upload_receipts/v3.2-complete-evidence.zip.part015.json","482","416cd0dfd7926f3796970e9ccef21f40ceeafc191f95ddcddaec7aa6722bf7c4"
"upload_receipts/v3.2-complete-evidence.zip.part016.json","482","5a9088aaef04c5d3873693d0616623cb0262a4de18dd74de6a0c7d256593f03e"
"upload_receipts/v3.2-complete-evidence.zip.part017.json","482","162680f1e24ebe3ee24be131bff09626584287427d046dbbe4ce825bcc977f89"
"upload_receipts/v3.2-complete-evidence.zip.part018.json","482","8ae7c9a52c69e8e96385a348f33d53a2fbc4098109e386b851377085a8e907f0"
"upload_receipts/v3.2-complete-evidence.zip.part019.json","482","84330f225dac5161427f810a071ede7d034d74f59e40112f17c3d51eb6ea482a"
"upload_receipts/v3.2-complete-evidence.zip.part020.json","482","0493e6fe291884b8baf6a6bd66bc88d79a560cdd87f6682f84f38ee83ee4431f"
"upload_receipts/v3.2-complete-evidence.zip.part021.json","482","b87c088730ff7140276ae2ba524c91ca35ff08899d996ade1aa92410796f2dc1"
"upload_receipts/v3.2-complete-evidence.zip.part022.json","482","bca26445c7010cf7726c6f0251423228abf1fb30a53fa8ad44fb22ca0da5547e"
"upload_receipts/v3.2-complete-evidence.zip.part023.json","482","4ceac48980080f9984bbded7dd868a5f525db3075ec2eecf9cc78032f728d45e"
"upload_receipts/v3.2-complete-evidence.zip.part024.json","482","1500778a91c53ea1bfbdcf87938985a83724e119d020e4fff3991dce3178c18c"
"upload_receipts/v3.2-complete-evidence.zip.part025.json","482","3180baf04477dee9e501185a8085b2d83f2abece9582bfabde683eb5ec169dad"
"upload_receipts/v3.2-complete-evidence.zip.part026.json","482","92d94561e581596e323d76d650c1dc1b234fab62071de82e208460a7bba43556"
"upload_receipts/v3.2-complete-evidence.zip.part027.json","482","875a7293a26bbd31673e4e9115f98499ba04c5d6329118216377ae78f800a24d"
"upload_receipts/v3.2-complete-evidence.zip.part028.json","482","ab36ebcc93d50079dcb42d21a2a1083fa3ba097adb86fe12ef3a8952c47947ce"
"upload_receipts/v3.2-complete-evidence.zip.part029.json","482","463bfd907a9cb0f886417ce27165169e9543bd32189f07fe7264f09ae67fd92c"
"upload_receipts/v3.2-complete-evidence.zip.part030.json","482","631dd7a2bc2b6a7de959c97b71dcb01d7ec5bfccd5ef81d79ece0b02bbb4b56e"
"upload_receipts/v3.2-complete-evidence.zip.part031.json","482","384b3c448849449557f35d39394b0f5b3ff8f6e34365158b5e088ea591c48c2c"
"upload_receipts/v3.2-complete-evidence.zip.part032.json","482","fb0728f26100db9415c3cc50cfdde73be62ed3bbee684a8c6eb3d7c0eea429ec"
"upload_receipts/v3.2-complete-evidence.zip.part033.json","482","b34f665363479b6379e6df8d02188a92d898d39945b4b46422c2b69eef4e40b6"
"upload_receipts/v3.2-complete-evidence.zip.part034.json","482","560db1949116638ef3c9af5dab95bfbbb44fe329e2b3491ecb183b1def60fdf9"
"upload_receipts/v3.2-complete-evidence.zip.part035.json","482","daa233c268c97b1d4c501731e21e6e4c95042ac0d98bcdab51c3582ad89993b1"
"upload_receipts/v3.2-complete-evidence.zip.part036.json","482","0545bfc5da545ad27d665548616e45f3c92834dc78997d0123976d8f9e1c5d47"
"upload_receipts/v3.2-complete-evidence.zip.part037.json","482","79d558d902477240b18206682114ac4ecb0056367b3cb57a6ac9cf474766c4fb"
"upload_receipts/v3.2-complete-evidence.zip.part038.json","482","53b3bdec3380d2270d64af6062e08bfcc427ba49852475cc5ec4e6f39f701170"
"upload_receipts/v3.2-complete-evidence.zip.part039.json","482","55619a4ec0da5da4e625d3bc08e6e59bb0d17af3720aed6a3bbcfba86c385efd"
"upload_receipts/v3.2-complete-evidence.zip.part040.json","482","121579253aef3fc1d7518d9a772194888f98725bc8443d6eab05dbdb8a7fc0db"
"upload_receipts/v3.2-complete-evidence.zip.part041.json","482","ac36b50c53701c10345dec3427a4c789e111727412a21d3f870c91f1c80b8437"
"upload_receipts/v3.2-complete-evidence.zip.part042.json","482","b975112d6395f5a1adfc0f88cf75b50ac4b7c361ef7e7f1ade91d29726153dc7"
"upload_receipts/v3.2-complete-evidence.zip.part043.json","482","0c303a4eee19050aa0e8d184256c49157b426dba49aef14648b57c3567a1d932"
"upload_receipts/v3.2-complete-evidence.zip.part044.json","482","85e40c9bdb6d201f9c7fa54b388e33d49a79e17c25b20dd502aea3861a171177"
"upload_receipts/v3.2-complete-evidence.zip.part045.json","482","de26ef6e9b20a0c3ef4dc138c28d2dfbe21da5ec555efd1689e85522e13be98a"
"upload_receipts/v3.2-complete-evidence.zip.part046.json","482","8536eeb2835afb64b39c36e84833a34a43a572cd3a1deff0fcaf48299841c127"
"upload_receipts/v3.2-complete-evidence.zip.part047.json","482","b07a718f192fa9952474255c85477394dde98aada95d0dab7252a152dd288d6a"
"upload_receipts/v3.2-complete-evidence.zip.part048.json","482","f31a87b9c1e5cf7a85f388994643d4dd3f810c069c95457267417fc24fcc8649"
"upload_receipts/v3.2-complete-evidence.zip.part049.json","482","15fdb3e85287732cf3ed30af5d840aac39d7d1d3c0fbeb7a7a4535190423863d"
"upload_receipts/v3.2-complete-evidence.zip.part050.json","482","6220ce0ffb2a68e0c1743253b6777fd6d95a7cb3965add76369147725e87109c"
"upload_receipts/v3.2-complete-evidence.zip.part051.json","482","c53e89758cc4a34be5a127baa51341c2739475edeb754dc878af3985d6765a5d"
"upload_receipts/v3.2-complete-evidence.zip.part052.json","482","6260af75436aa5b3de11d8d02fca50f67a98cf350e41d5c77c675d51ba0b13e3"
"upload_receipts/v3.2-complete-evidence.zip.part053.json","482","96bcc327283585f15559f85241dc936f0f0929a86d7450ea285cc4ab318a55d8"
"upload_receipts/v3.2-complete-evidence.zip.part054.json","482","dc0b2cbfdde3cda3e90e1aec774b5ed5818380f0cd7f5adde5233c3d46d5d5a3"
"upload_receipts/v3.2-complete-evidence.zip.part055.json","482","2484e3e473c34a5ac7ee8b82f6e4860a72b31d8fda39b26f9c414673d41b9c9d"
"upload_receipts/v3.2-complete-evidence.zip.part056.json","482","5b2d934a03b7e7cde9463268d149c8902d39729bf3b3429295aa61579a84f0e2"
"upload_receipts/v3.2-complete-evidence.zip.part057.json","482","a5873e8124ff250d0b1fb4491531c1b6dc9eff2256b36b37abc28133ab15c7c3"
"upload_receipts/v3.2-complete-evidence.zip.part058.json","482","492ed2dffb862695ceabd7af344435cf477943b08280dce64d3d2c99503b9c0e"
"upload_receipts/v3.2-complete-evidence.zip.part059.json","482","80658892802110ed50084e305c3177d6887e60291d479bcdc0995d729ddac4ce"
"upload_receipts/v3.2-complete-evidence.zip.part060.json","482","d43b398fba743bc3734298182ed040933df8169122f69b6f8116e178a8e0f46d"
"upload_receipts/v3.2-complete-evidence.zip.part061.json","480","ec840d8b0eb9ab40827b234904be1cac5934e5cd5706932e19a7e077b7bcbb49"
"upload_receipts/v3.2-complete-evidence.zip.sha256.json","474","41f1a4f3083cce9e35e0c6731b14a85af92c8411ed67ba7346bcfaa144d3d20a"
"upload_receipts/v3.2-complete-git-changes.patch.json","476","e62128ea81137c29614d9dd84e73f69c6d752bfa3d67f8606889119b1e9edb8d"
"__pycache__/restore_v3_2_evidence.cpython-314.pyc","9255","5064e319304385f0d7b2ade0f87923e96898a4d92d78dc8dda37189280f413a5"
