FigureID,Group,Scope,PDF,SVG,PNG,Preview,SourceCSV,WidthMM,HeightMM,Estimand,Interval,ScientificStatus,VisualReview,SourceManifest
S04_fold_composition,folds,all,S04_fold_composition.pdf,S04_fold_composition.svg,S04_fold_composition.png,S04_fold_composition_preview.png,figure_data\model\S04_fold_composition.csv,210.00000000000003,245.0,Actual heldout-species/record counts,,READY,COMPLETED_BY_REVIEWER,
F05_coefficients_binary_M1,coefficients,binary,F05_coefficients_binary_M1.pdf,F05_coefficients_binary_M1.svg,F05_coefficients_binary_M1.png,F05_coefficients_binary_M1_preview.png,figure_data\model\F05_coefficients_binary_M1.csv,205.0,131.0,binary fixed-effect logit coefficient posterior mean,95% posterior interval,READY,COMPLETED_BY_REVIEWER,figures\model\F05_coefficients_binary_M1_provenance.json
F05_coefficients_binary_M2,coefficients,binary,F05_coefficients_binary_M2.pdf,F05_coefficients_binary_M2.svg,F05_coefficients_binary_M2.png,F05_coefficients_binary_M2_preview.png,figure_data\model\F05_coefficients_binary_M2.csv,205.0,131.0,binary fixed-effect logit coefficient posterior mean,95% posterior interval,READY,COMPLETED_BY_REVIEWER,figures\model\F05_coefficients_binary_M2_provenance.json
F05_coefficients_binary_M3,coefficients,binary,F05_coefficients_binary_M3.pdf,F05_coefficients_binary_M3.svg,F05_coefficients_binary_M3.png,F05_coefficients_binary_M3_preview.png,figure_data\model\F05_coefficients_binary_M3.csv,205.0,227.0,binary fixed-effect logit coefficient posterior mean,95% posterior interval,PRIOR_DEPENDENCE_CAUTION,COMPLETED_BY_REVIEWER,figures\model\F05_coefficients_binary_M3_provenance.json
S07_ppc_ecdf_binary_Null_U,ppc_ecdf,binary,S07_ppc_ecdf_binary.pdf,S07_ppc_ecdf_binary_Null_U.svg,S07_ppc_ecdf_binary_Null_U.png,S07_ppc_ecdf_binary_Null_U_preview.png,figure_data\model\S07_ppc_ecdf_binary_Null_U.csv,180.0,105.0,In-sample outcome distribution,,READY,COMPLETED_BY_REVIEWER,figures\model\S07_ppc_ecdf_binary_Null_U_provenance.json
S07_ppc_ecdf_binary_Phylogeny_only_P,ppc_ecdf,binary,S07_ppc_ecdf_binary.pdf,S07_ppc_ecdf_binary_Phylogeny_only_P.svg,S07_ppc_ecdf_binary_Phylogeny_only_P.png,S07_ppc_ecdf_binary_Phylogeny_only_P_preview.png,figure_data\model\S07_ppc_ecdf_binary_Phylogeny_only_P.csv,180.0,105.0,In-sample outcome distribution,,READY,COMPLETED_BY_REVIEWER,figures\model\S07_ppc_ecdf_binary_Phylogeny_only_P_provenance.json
S07_ppc_ecdf_binary_Site315_U,ppc_ecdf,binary,S07_ppc_ecdf_binary.pdf,S07_ppc_ecdf_binary_Site315_U.svg,S07_ppc_ecdf_binary_Site315_U.png,S07_ppc_ecdf_binary_Site315_U_preview.png,figure_data\model\S07_ppc_ecdf_binary_Site315_U.csv,180.0,105.0,In-sample outcome distribution,,READY,COMPLETED_BY_REVIEWER,figures\model\S07_ppc_ecdf_binary_Site315_U_provenance.json
S07_ppc_ecdf_binary_Site315_P,ppc_ecdf,binary,S07_ppc_ecdf_binary.pdf,S07_ppc_ecdf_binary_Site315_P.svg,S07_ppc_ecdf_binary_Site315_P.png,S07_ppc_ecdf_binary_Site315_P_preview.png,figure_data\model\S07_ppc_ecdf_binary_Site315_P.csv,180.0,105.0,In-sample outcome distribution,,READY,COMPLETED_BY_REVIEWER,figures\model\S07_ppc_ecdf_binary_Site315_P_provenance.json
S07_ppc_ecdf_binary_M1_U,ppc_ecdf,binary,S07_ppc_ecdf_binary.pdf,S07_ppc_ecdf_binary_M1_U.svg,S07_ppc_ecdf_binary_M1_U.png,S07_ppc_ecdf_binary_M1_U_preview.png,figure_data\model\S07_ppc_ecdf_binary_M1_U.csv,180.0,105.0,In-sample outcome distribution,,READY,COMPLETED_BY_REVIEWER,figures\model\S07_ppc_ecdf_binary_M1_U_provenance.json
S07_ppc_ecdf_binary_M1_P,ppc_ecdf,binary,S07_ppc_ecdf_binary.pdf,S07_ppc_ecdf_binary_M1_P.svg,S07_ppc_ecdf_binary_M1_P.png,S07_ppc_ecdf_binary_M1_P_preview.png,figure_data\model\S07_ppc_ecdf_binary_M1_P.csv,180.0,105.0,In-sample outcome distribution,,READY,COMPLETED_BY_REVIEWER,figures\model\S07_ppc_ecdf_binary_M1_P_provenance.json
S07_ppc_ecdf_binary_M2_U,ppc_ecdf,binary,S07_ppc_ecdf_binary.pdf,S07_ppc_ecdf_binary_M2_U.svg,S07_ppc_ecdf_binary_M2_U.png,S07_ppc_ecdf_binary_M2_U_preview.png,figure_data\model\S07_ppc_ecdf_binary_M2_U.csv,180.0,105.0,In-sample outcome distribution,,READY,COMPLETED_BY_REVIEWER,figures\model\S07_ppc_ecdf_binary_M2_U_provenance.json
S07_ppc_ecdf_binary_M2_P,ppc_ecdf,binary,S07_ppc_ecdf_binary.pdf,S07_ppc_ecdf_binary_M2_P.svg,S07_ppc_ecdf_binary_M2_P.png,S07_ppc_ecdf_binary_M2_P_preview.png,figure_data\model\S07_ppc_ecdf_binary_M2_P.csv,180.0,105.0,In-sample outcome distribution,,READY,COMPLETED_BY_REVIEWER,figures\model\S07_ppc_ecdf_binary_M2_P_provenance.json
S07_ppc_ecdf_binary_M3_U,ppc_ecdf,binary,S07_ppc_ecdf_binary.pdf,S07_ppc_ecdf_binary_M3_U.svg,S07_ppc_ecdf_binary_M3_U.png,S07_ppc_ecdf_binary_M3_U_preview.png,figure_data\model\S07_ppc_ecdf_binary_M3_U.csv,180.0,105.0,In-sample outcome distribution,,READY,COMPLETED_BY_REVIEWER,figures\model\S07_ppc_ecdf_binary_M3_U_provenance.json
S07_ppc_ecdf_binary_M3_P,ppc_ecdf,binary,S07_ppc_ecdf_binary.pdf,S07_ppc_ecdf_binary_M3_P.svg,S07_ppc_ecdf_binary_M3_P.png,S07_ppc_ecdf_binary_M3_P_preview.png,figure_data\model\S07_ppc_ecdf_binary_M3_P.csv,180.0,105.0,In-sample outcome distribution,,READY,COMPLETED_BY_REVIEWER,figures\model\S07_ppc_ecdf_binary_M3_P_provenance.json
F05_coefficients_joint_M1,coefficients,joint,F05_coefficients_joint_M1.pdf,F05_coefficients_joint_M1.svg,F05_coefficients_joint_M1.png,F05_coefficients_joint_M1_preview.png,figure_data\model\F05_coefficients_joint_M1.csv,205.0,131.0,joint fixed-effect logit coefficient posterior mean,95% posterior interval,READY,COMPLETED_BY_REVIEWER,figures\model\F05_coefficients_joint_M1_provenance.json
F05_coefficients_joint_M2,coefficients,joint,F05_coefficients_joint_M2.pdf,F05_coefficients_joint_M2.svg,F05_coefficients_joint_M2.png,F05_coefficients_joint_M2_preview.png,figure_data\model\F05_coefficients_joint_M2.csv,205.0,131.0,joint fixed-effect logit coefficient posterior mean,95% posterior interval,READY,COMPLETED_BY_REVIEWER,figures\model\F05_coefficients_joint_M2_provenance.json
F05_coefficients_joint_M3,coefficients,joint,F05_coefficients_joint_M3.pdf,F05_coefficients_joint_M3.svg,F05_coefficients_joint_M3.png,F05_coefficients_joint_M3_preview.png,figure_data\model\F05_coefficients_joint_M3.csv,205.0,227.0,joint fixed-effect logit coefficient posterior mean,95% posterior interval,PRIOR_DEPENDENCE_CAUTION,COMPLETED_BY_REVIEWER,figures\model\F05_coefficients_joint_M3_provenance.json
S07_ppc_ecdf_joint_Null_U,ppc_ecdf,joint,S07_ppc_ecdf_joint.pdf,S07_ppc_ecdf_joint_Null_U.svg,S07_ppc_ecdf_joint_Null_U.png,S07_ppc_ecdf_joint_Null_U_preview.png,figure_data\model\S07_ppc_ecdf_joint_Null_U.csv,180.0,105.0,In-sample outcome distribution,,READY,COMPLETED_BY_REVIEWER,figures\model\S07_ppc_ecdf_joint_Null_U_provenance.json
S07_ppc_ecdf_joint_Phylogeny_only_P,ppc_ecdf,joint,S07_ppc_ecdf_joint.pdf,S07_ppc_ecdf_joint_Phylogeny_only_P.svg,S07_ppc_ecdf_joint_Phylogeny_only_P.png,S07_ppc_ecdf_joint_Phylogeny_only_P_preview.png,figure_data\model\S07_ppc_ecdf_joint_Phylogeny_only_P.csv,180.0,105.0,In-sample outcome distribution,,READY,COMPLETED_BY_REVIEWER,figures\model\S07_ppc_ecdf_joint_Phylogeny_only_P_provenance.json
S07_ppc_ecdf_joint_Site315_U,ppc_ecdf,joint,S07_ppc_ecdf_joint.pdf,S07_ppc_ecdf_joint_Site315_U.svg,S07_ppc_ecdf_joint_Site315_U.png,S07_ppc_ecdf_joint_Site315_U_preview.png,figure_data\model\S07_ppc_ecdf_joint_Site315_U.csv,180.0,105.0,In-sample outcome distribution,,READY,COMPLETED_BY_REVIEWER,figures\model\S07_ppc_ecdf_joint_Site315_U_provenance.json
S07_ppc_ecdf_joint_Site315_P,ppc_ecdf,joint,S07_ppc_ecdf_joint.pdf,S07_ppc_ecdf_joint_Site315_P.svg,S07_ppc_ecdf_joint_Site315_P.png,S07_ppc_ecdf_joint_Site315_P_preview.png,figure_data\model\S07_ppc_ecdf_joint_Site315_P.csv,180.0,105.0,In-sample outcome distribution,,READY,COMPLETED_BY_REVIEWER,figures\model\S07_ppc_ecdf_joint_Site315_P_provenance.json
S07_ppc_ecdf_joint_M1_U,ppc_ecdf,joint,S07_ppc_ecdf_joint.pdf,S07_ppc_ecdf_joint_M1_U.svg,S07_ppc_ecdf_joint_M1_U.png,S07_ppc_ecdf_joint_M1_U_preview.png,figure_data\model\S07_ppc_ecdf_joint_M1_U.csv,180.0,105.0,In-sample outcome distribution,,READY,COMPLETED_BY_REVIEWER,figures\model\S07_ppc_ecdf_joint_M1_U_provenance.json
S07_ppc_ecdf_joint_M1_P,ppc_ecdf,joint,S07_ppc_ecdf_joint.pdf,S07_ppc_ecdf_joint_M1_P.svg,S07_ppc_ecdf_joint_M1_P.png,S07_ppc_ecdf_joint_M1_P_preview.png,figure_data\model\S07_ppc_ecdf_joint_M1_P.csv,180.0,105.0,In-sample outcome distribution,,READY,COMPLETED_BY_REVIEWER,figures\model\S07_ppc_ecdf_joint_M1_P_provenance.json
S07_ppc_ecdf_joint_M2_U,ppc_ecdf,joint,S07_ppc_ecdf_joint.pdf,S07_ppc_ecdf_joint_M2_U.svg,S07_ppc_ecdf_joint_M2_U.png,S07_ppc_ecdf_joint_M2_U_preview.png,figure_data\model\S07_ppc_ecdf_joint_M2_U.csv,180.0,105.0,In-sample outcome distribution,,READY,COMPLETED_BY_REVIEWER,figures\model\S07_ppc_ecdf_joint_M2_U_provenance.json
S07_ppc_ecdf_joint_M2_P,ppc_ecdf,joint,S07_ppc_ecdf_joint.pdf,S07_ppc_ecdf_joint_M2_P.svg,S07_ppc_ecdf_joint_M2_P.png,S07_ppc_ecdf_joint_M2_P_preview.png,figure_data\model\S07_ppc_ecdf_joint_M2_P.csv,180.0,105.0,In-sample outcome distribution,,READY,COMPLETED_BY_REVIEWER,figures\model\S07_ppc_ecdf_joint_M2_P_provenance.json
S07_ppc_ecdf_joint_M3_U,ppc_ecdf,joint,S07_ppc_ecdf_joint.pdf,S07_ppc_ecdf_joint_M3_U.svg,S07_ppc_ecdf_joint_M3_U.png,S07_ppc_ecdf_joint_M3_U_preview.png,figure_data\model\S07_ppc_ecdf_joint_M3_U.csv,180.0,105.0,In-sample outcome distribution,,READY,COMPLETED_BY_REVIEWER,figures\model\S07_ppc_ecdf_joint_M3_U_provenance.json
S07_ppc_ecdf_joint_M3_P,ppc_ecdf,joint,S07_ppc_ecdf_joint.pdf,S07_ppc_ecdf_joint_M3_P.svg,S07_ppc_ecdf_joint_M3_P.png,S07_ppc_ecdf_joint_M3_P_preview.png,figure_data\model\S07_ppc_ecdf_joint_M3_P.csv,180.0,105.0,In-sample outcome distribution,,READY,COMPLETED_BY_REVIEWER,figures\model\S07_ppc_ecdf_joint_M3_P_provenance.json
S05_diagnostics_binary_primary,diagnostics,binary,S05_diagnostics_binary_primary.pdf,S05_diagnostics_binary_primary.svg,S05_diagnostics_binary_primary.png,S05_diagnostics_binary_primary_preview.png,figure_data\model\S05_diagnostics_binary_primary.csv,225.0,205.0,Numerical diagnostic summaries,,READY,COMPLETED_BY_REVIEWER,figures\model\S05_diagnostics_binary_primary_provenance.json
S06_pareto_k_binary,pareto,binary,S06_pareto_k_binary.pdf,S06_pareto_k_binary.svg,S06_pareto_k_binary.png,S06_pareto_k_binary_preview.png,figure_data\model\S06_pareto_k_binary.csv,210.00000000000003,260.0,PSIS diagnostic k,,USE_GROUPED_CV,COMPLETED_BY_REVIEWER,figures\model\S06_pareto_k_binary_provenance.json
S07_ppc_binary_Null_U_HighFraction,ppc,binary,S07_ppc_statistics_binary.pdf,S07_ppc_binary_Null_U_HighFraction.svg,S07_ppc_binary_Null_U_HighFraction.png,S07_ppc_binary_Null_U_HighFraction_preview.png,figure_data\model\S07_ppc_binary_Null_U_HighFraction.csv,180.0,145.0,In-sample posterior predictive statistics,,READY,COMPLETED_BY_REVIEWER,figures\model\S07_ppc_binary_Null_U_HighFraction_provenance.json
S07_ppc_binary_Phylogeny_only_P_HighFraction,ppc,binary,S07_ppc_statistics_binary.pdf,S07_ppc_binary_Phylogeny_only_P_HighFraction.svg,S07_ppc_binary_Phylogeny_only_P_HighFraction.png,S07_ppc_binary_Phylogeny_only_P_HighFraction_preview.png,figure_data\model\S07_ppc_binary_Phylogeny_only_P_HighFraction.csv,180.0,145.0,In-sample posterior predictive statistics,,READY,COMPLETED_BY_REVIEWER,figures\model\S07_ppc_binary_Phylogeny_only_P_HighFraction_provenance.json
S07_ppc_binary_Site315_U_HighFraction,ppc,binary,S07_ppc_statistics_binary.pdf,S07_ppc_binary_Site315_U_HighFraction.svg,S07_ppc_binary_Site315_U_HighFraction.png,S07_ppc_binary_Site315_U_HighFraction_preview.png,figure_data\model\S07_ppc_binary_Site315_U_HighFraction.csv,180.0,145.0,In-sample posterior predictive statistics,,READY,COMPLETED_BY_REVIEWER,figures\model\S07_ppc_binary_Site315_U_HighFraction_provenance.json
S07_ppc_binary_Site315_P_HighFraction,ppc,binary,S07_ppc_statistics_binary.pdf,S07_ppc_binary_Site315_P_HighFraction.svg,S07_ppc_binary_Site315_P_HighFraction.png,S07_ppc_binary_Site315_P_HighFraction_preview.png,figure_data\model\S07_ppc_binary_Site315_P_HighFraction.csv,180.0,145.0,In-sample posterior predictive statistics,,READY,COMPLETED_BY_REVIEWER,figures\model\S07_ppc_binary_Site315_P_HighFraction_provenance.json
S07_ppc_binary_M1_U_HighFraction,ppc,binary,S07_ppc_statistics_binary.pdf,S07_ppc_binary_M1_U_HighFraction.svg,S07_ppc_binary_M1_U_HighFraction.png,S07_ppc_binary_M1_U_HighFraction_preview.png,figure_data\model\S07_ppc_binary_M1_U_HighFraction.csv,180.0,145.0,In-sample posterior predictive statistics,,READY,COMPLETED_BY_REVIEWER,figures\model\S07_ppc_binary_M1_U_HighFraction_provenance.json
S07_ppc_binary_M1_P_HighFraction,ppc,binary,S07_ppc_statistics_binary.pdf,S07_ppc_binary_M1_P_HighFraction.svg,S07_ppc_binary_M1_P_HighFraction.png,S07_ppc_binary_M1_P_HighFraction_preview.png,figure_data\model\S07_ppc_binary_M1_P_HighFraction.csv,180.0,145.0,In-sample posterior predictive statistics,,READY,COMPLETED_BY_REVIEWER,figures\model\S07_ppc_binary_M1_P_HighFraction_provenance.json
S07_ppc_binary_M2_U_HighFraction,ppc,binary,S07_ppc_statistics_binary.pdf,S07_ppc_binary_M2_U_HighFraction.svg,S07_ppc_binary_M2_U_HighFraction.png,S07_ppc_binary_M2_U_HighFraction_preview.png,figure_data\model\S07_ppc_binary_M2_U_HighFraction.csv,180.0,145.0,In-sample posterior predictive statistics,,READY,COMPLETED_BY_REVIEWER,figures\model\S07_ppc_binary_M2_U_HighFraction_provenance.json
S07_ppc_binary_M2_P_HighFraction,ppc,binary,S07_ppc_statistics_binary.pdf,S07_ppc_binary_M2_P_HighFraction.svg,S07_ppc_binary_M2_P_HighFraction.png,S07_ppc_binary_M2_P_HighFraction_preview.png,figure_data\model\S07_ppc_binary_M2_P_HighFraction.csv,180.0,145.0,In-sample posterior predictive statistics,,READY,COMPLETED_BY_REVIEWER,figures\model\S07_ppc_binary_M2_P_HighFraction_provenance.json
S07_ppc_binary_M3_U_HighFraction,ppc,binary,S07_ppc_statistics_binary.pdf,S07_ppc_binary_M3_U_HighFraction.svg,S07_ppc_binary_M3_U_HighFraction.png,S07_ppc_binary_M3_U_HighFraction_preview.png,figure_data\model\S07_ppc_binary_M3_U_HighFraction.csv,180.0,145.0,In-sample posterior predictive statistics,,READY,COMPLETED_BY_REVIEWER,figures\model\S07_ppc_binary_M3_U_HighFraction_provenance.json
S07_ppc_binary_M3_P_HighFraction,ppc,binary,S07_ppc_statistics_binary.pdf,S07_ppc_binary_M3_P_HighFraction.svg,S07_ppc_binary_M3_P_HighFraction.png,S07_ppc_binary_M3_P_HighFraction_preview.png,figure_data\model\S07_ppc_binary_M3_P_HighFraction.csv,180.0,145.0,In-sample posterior predictive statistics,,READY,COMPLETED_BY_REVIEWER,figures\model\S07_ppc_binary_M3_P_HighFraction_provenance.json
S05_diagnostics_joint_primary,diagnostics,joint,S05_diagnostics_joint_primary.pdf,S05_diagnostics_joint_primary.svg,S05_diagnostics_joint_primary.png,S05_diagnostics_joint_primary_preview.png,figure_data\model\S05_diagnostics_joint_primary.csv,225.0,205.0,Numerical diagnostic summaries,,READY,COMPLETED_BY_REVIEWER,figures\model\S05_diagnostics_joint_primary_provenance.json
S06_pareto_k_joint,pareto,joint,S06_pareto_k_joint.pdf,S06_pareto_k_joint.svg,S06_pareto_k_joint.png,S06_pareto_k_joint_preview.png,figure_data\model\S06_pareto_k_joint.csv,210.00000000000003,260.0,PSIS diagnostic k,,USE_GROUPED_CV,COMPLETED_BY_REVIEWER,figures\model\S06_pareto_k_joint_provenance.json
S07_ppc_joint_Null_U_count,ppc,joint,S07_ppc_statistics_joint.pdf,S07_ppc_joint_Null_U_count.svg,S07_ppc_joint_Null_U_count.png,S07_ppc_joint_Null_U_count_preview.png,figure_data\model\S07_ppc_joint_Null_U_count.csv,180.0,145.0,In-sample posterior predictive statistics,,READY,COMPLETED_BY_REVIEWER,figures\model\S07_ppc_joint_Null_U_count_provenance.json
S07_ppc_joint_Null_U_exact,ppc,joint,S07_ppc_statistics_joint.pdf,S07_ppc_joint_Null_U_exact.svg,S07_ppc_joint_Null_U_exact.png,S07_ppc_joint_Null_U_exact_preview.png,figure_data\model\S07_ppc_joint_Null_U_exact.csv,180.0,145.0,In-sample posterior predictive statistics,,READY,COMPLETED_BY_REVIEWER,figures\model\S07_ppc_joint_Null_U_exact_provenance.json
S07_ppc_joint_Phylogeny_only_P_count,ppc,joint,S07_ppc_statistics_joint.pdf,S07_ppc_joint_Phylogeny_only_P_count.svg,S07_ppc_joint_Phylogeny_only_P_count.png,S07_ppc_joint_Phylogeny_only_P_count_preview.png,figure_data\model\S07_ppc_joint_Phylogeny_only_P_count.csv,180.0,145.0,In-sample posterior predictive statistics,,READY,COMPLETED_BY_REVIEWER,figures\model\S07_ppc_joint_Phylogeny_only_P_count_provenance.json
S07_ppc_joint_Phylogeny_only_P_exact,ppc,joint,S07_ppc_statistics_joint.pdf,S07_ppc_joint_Phylogeny_only_P_exact.svg,S07_ppc_joint_Phylogeny_only_P_exact.png,S07_ppc_joint_Phylogeny_only_P_exact_preview.png,figure_data\model\S07_ppc_joint_Phylogeny_only_P_exact.csv,180.0,145.0,In-sample posterior predictive statistics,,READY,COMPLETED_BY_REVIEWER,figures\model\S07_ppc_joint_Phylogeny_only_P_exact_provenance.json
S07_ppc_joint_Site315_U_count,ppc,joint,S07_ppc_statistics_joint.pdf,S07_ppc_joint_Site315_U_count.svg,S07_ppc_joint_Site315_U_count.png,S07_ppc_joint_Site315_U_count_preview.png,figure_data\model\S07_ppc_joint_Site315_U_count.csv,180.0,145.0,In-sample posterior predictive statistics,,READY,COMPLETED_BY_REVIEWER,figures\model\S07_ppc_joint_Site315_U_count_provenance.json
S07_ppc_joint_Site315_U_exact,ppc,joint,S07_ppc_statistics_joint.pdf,S07_ppc_joint_Site315_U_exact.svg,S07_ppc_joint_Site315_U_exact.png,S07_ppc_joint_Site315_U_exact_preview.png,figure_data\model\S07_ppc_joint_Site315_U_exact.csv,180.0,145.0,In-sample posterior predictive statistics,,READY,COMPLETED_BY_REVIEWER,figures\model\S07_ppc_joint_Site315_U_exact_provenance.json
S07_ppc_joint_Site315_P_count,ppc,joint,S07_ppc_statistics_joint.pdf,S07_ppc_joint_Site315_P_count.svg,S07_ppc_joint_Site315_P_count.png,S07_ppc_joint_Site315_P_count_preview.png,figure_data\model\S07_ppc_joint_Site315_P_count.csv,180.0,145.0,In-sample posterior predictive statistics,,READY,COMPLETED_BY_REVIEWER,figures\model\S07_ppc_joint_Site315_P_count_provenance.json
S07_ppc_joint_Site315_P_exact,ppc,joint,S07_ppc_statistics_joint.pdf,S07_ppc_joint_Site315_P_exact.svg,S07_ppc_joint_Site315_P_exact.png,S07_ppc_joint_Site315_P_exact_preview.png,figure_data\model\S07_ppc_joint_Site315_P_exact.csv,180.0,145.0,In-sample posterior predictive statistics,,READY,COMPLETED_BY_REVIEWER,figures\model\S07_ppc_joint_Site315_P_exact_provenance.json
S07_ppc_joint_M1_U_count,ppc,joint,S07_ppc_statistics_joint.pdf,S07_ppc_joint_M1_U_count.svg,S07_ppc_joint_M1_U_count.png,S07_ppc_joint_M1_U_count_preview.png,figure_data\model\S07_ppc_joint_M1_U_count.csv,180.0,145.0,In-sample posterior predictive statistics,,READY,COMPLETED_BY_REVIEWER,figures\model\S07_ppc_joint_M1_U_count_provenance.json
S07_ppc_joint_M1_U_exact,ppc,joint,S07_ppc_statistics_joint.pdf,S07_ppc_joint_M1_U_exact.svg,S07_ppc_joint_M1_U_exact.png,S07_ppc_joint_M1_U_exact_preview.png,figure_data\model\S07_ppc_joint_M1_U_exact.csv,180.0,145.0,In-sample posterior predictive statistics,,READY,COMPLETED_BY_REVIEWER,figures\model\S07_ppc_joint_M1_U_exact_provenance.json
S07_ppc_joint_M1_P_count,ppc,joint,S07_ppc_statistics_joint.pdf,S07_ppc_joint_M1_P_count.svg,S07_ppc_joint_M1_P_count.png,S07_ppc_joint_M1_P_count_preview.png,figure_data\model\S07_ppc_joint_M1_P_count.csv,180.0,145.0,In-sample posterior predictive statistics,,READY,COMPLETED_BY_REVIEWER,figures\model\S07_ppc_joint_M1_P_count_provenance.json
S07_ppc_joint_M1_P_exact,ppc,joint,S07_ppc_statistics_joint.pdf,S07_ppc_joint_M1_P_exact.svg,S07_ppc_joint_M1_P_exact.png,S07_ppc_joint_M1_P_exact_preview.png,figure_data\model\S07_ppc_joint_M1_P_exact.csv,180.0,145.0,In-sample posterior predictive statistics,,READY,COMPLETED_BY_REVIEWER,figures\model\S07_ppc_joint_M1_P_exact_provenance.json
S07_ppc_joint_M2_U_count,ppc,joint,S07_ppc_statistics_joint.pdf,S07_ppc_joint_M2_U_count.svg,S07_ppc_joint_M2_U_count.png,S07_ppc_joint_M2_U_count_preview.png,figure_data\model\S07_ppc_joint_M2_U_count.csv,180.0,145.0,In-sample posterior predictive statistics,,READY,COMPLETED_BY_REVIEWER,figures\model\S07_ppc_joint_M2_U_count_provenance.json
S07_ppc_joint_M2_U_exact,ppc,joint,S07_ppc_statistics_joint.pdf,S07_ppc_joint_M2_U_exact.svg,S07_ppc_joint_M2_U_exact.png,S07_ppc_joint_M2_U_exact_preview.png,figure_data\model\S07_ppc_joint_M2_U_exact.csv,180.0,145.0,In-sample posterior predictive statistics,,READY,COMPLETED_BY_REVIEWER,figures\model\S07_ppc_joint_M2_U_exact_provenance.json
S07_ppc_joint_M2_P_count,ppc,joint,S07_ppc_statistics_joint.pdf,S07_ppc_joint_M2_P_count.svg,S07_ppc_joint_M2_P_count.png,S07_ppc_joint_M2_P_count_preview.png,figure_data\model\S07_ppc_joint_M2_P_count.csv,180.0,145.0,In-sample posterior predictive statistics,,READY,COMPLETED_BY_REVIEWER,figures\model\S07_ppc_joint_M2_P_count_provenance.json
S07_ppc_joint_M2_P_exact,ppc,joint,S07_ppc_statistics_joint.pdf,S07_ppc_joint_M2_P_exact.svg,S07_ppc_joint_M2_P_exact.png,S07_ppc_joint_M2_P_exact_preview.png,figure_data\model\S07_ppc_joint_M2_P_exact.csv,180.0,145.0,In-sample posterior predictive statistics,,READY,COMPLETED_BY_REVIEWER,figures\model\S07_ppc_joint_M2_P_exact_provenance.json
S07_ppc_joint_M3_U_count,ppc,joint,S07_ppc_statistics_joint.pdf,S07_ppc_joint_M3_U_count.svg,S07_ppc_joint_M3_U_count.png,S07_ppc_joint_M3_U_count_preview.png,figure_data\model\S07_ppc_joint_M3_U_count.csv,180.0,145.0,In-sample posterior predictive statistics,,READY,COMPLETED_BY_REVIEWER,figures\model\S07_ppc_joint_M3_U_count_provenance.json
S07_ppc_joint_M3_U_exact,ppc,joint,S07_ppc_statistics_joint.pdf,S07_ppc_joint_M3_U_exact.svg,S07_ppc_joint_M3_U_exact.png,S07_ppc_joint_M3_U_exact_preview.png,figure_data\model\S07_ppc_joint_M3_U_exact.csv,180.0,145.0,In-sample posterior predictive statistics,,READY,COMPLETED_BY_REVIEWER,figures\model\S07_ppc_joint_M3_U_exact_provenance.json
S07_ppc_joint_M3_P_count,ppc,joint,S07_ppc_statistics_joint.pdf,S07_ppc_joint_M3_P_count.svg,S07_ppc_joint_M3_P_count.png,S07_ppc_joint_M3_P_count_preview.png,figure_data\model\S07_ppc_joint_M3_P_count.csv,180.0,145.0,In-sample posterior predictive statistics,,READY,COMPLETED_BY_REVIEWER,figures\model\S07_ppc_joint_M3_P_count_provenance.json
S07_ppc_joint_M3_P_exact,ppc,joint,S07_ppc_statistics_joint.pdf,S07_ppc_joint_M3_P_exact.svg,S07_ppc_joint_M3_P_exact.png,S07_ppc_joint_M3_P_exact_preview.png,figure_data\model\S07_ppc_joint_M3_P_exact.csv,180.0,145.0,In-sample posterior predictive statistics,,READY,COMPLETED_BY_REVIEWER,figures\model\S07_ppc_joint_M3_P_exact_provenance.json
F06_species_binary_p01,species_predictions,both,F06_full_species_predictions_binary.pdf,F06_species_binary_p01.svg,F06_species_binary_p01.png,F06_species_binary_p01_preview.png,figure_data\model\F06_species_binary_p01.csv,285.0,255.0,Full-data posterior median expected quantity: binary,95% posterior interval of expectation,READY,COMPLETED_BY_REVIEWER,figures\model\F06_species_binary_p01_provenance.json
F06_species_binary_p02,species_predictions,both,F06_full_species_predictions_binary.pdf,F06_species_binary_p02.svg,F06_species_binary_p02.png,F06_species_binary_p02_preview.png,figure_data\model\F06_species_binary_p02.csv,285.0,255.0,Full-data posterior median expected quantity: binary,95% posterior interval of expectation,READY,COMPLETED_BY_REVIEWER,figures\model\F06_species_binary_p02_provenance.json
F06_species_binary_p03,species_predictions,both,F06_full_species_predictions_binary.pdf,F06_species_binary_p03.svg,F06_species_binary_p03.png,F06_species_binary_p03_preview.png,figure_data\model\F06_species_binary_p03.csv,285.0,255.0,Full-data posterior median expected quantity: binary,95% posterior interval of expectation,READY,COMPLETED_BY_REVIEWER,figures\model\F06_species_binary_p03_provenance.json
F06_species_binary_p04,species_predictions,both,F06_full_species_predictions_binary.pdf,F06_species_binary_p04.svg,F06_species_binary_p04.png,F06_species_binary_p04_preview.png,figure_data\model\F06_species_binary_p04.csv,285.0,255.0,Full-data posterior median expected quantity: binary,95% posterior interval of expectation,READY,COMPLETED_BY_REVIEWER,figures\model\F06_species_binary_p04_provenance.json
F06_species_binary_p05,species_predictions,both,F06_full_species_predictions_binary.pdf,F06_species_binary_p05.svg,F06_species_binary_p05.png,F06_species_binary_p05_preview.png,figure_data\model\F06_species_binary_p05.csv,285.0,255.0,Full-data posterior median expected quantity: binary,95% posterior interval of expectation,READY,COMPLETED_BY_REVIEWER,figures\model\F06_species_binary_p05_provenance.json
F06_species_binary_p06,species_predictions,both,F06_full_species_predictions_binary.pdf,F06_species_binary_p06.svg,F06_species_binary_p06.png,F06_species_binary_p06_preview.png,figure_data\model\F06_species_binary_p06.csv,285.0,255.0,Full-data posterior median expected quantity: binary,95% posterior interval of expectation,READY,COMPLETED_BY_REVIEWER,figures\model\F06_species_binary_p06_provenance.json
F06_species_binary_p07,species_predictions,both,F06_full_species_predictions_binary.pdf,F06_species_binary_p07.svg,F06_species_binary_p07.png,F06_species_binary_p07_preview.png,figure_data\model\F06_species_binary_p07.csv,285.0,255.0,Full-data posterior median expected quantity: binary,95% posterior interval of expectation,READY,COMPLETED_BY_REVIEWER,figures\model\F06_species_binary_p07_provenance.json
F06_species_binary_p08,species_predictions,both,F06_full_species_predictions_binary.pdf,F06_species_binary_p08.svg,F06_species_binary_p08.png,F06_species_binary_p08_preview.png,figure_data\model\F06_species_binary_p08.csv,285.0,255.0,Full-data posterior median expected quantity: binary,95% posterior interval of expectation,READY,COMPLETED_BY_REVIEWER,figures\model\F06_species_binary_p08_provenance.json
F06_species_binary_p09,species_predictions,both,F06_full_species_predictions_binary.pdf,F06_species_binary_p09.svg,F06_species_binary_p09.png,F06_species_binary_p09_preview.png,figure_data\model\F06_species_binary_p09.csv,285.0,255.0,Full-data posterior median expected quantity: binary,95% posterior interval of expectation,READY,COMPLETED_BY_REVIEWER,figures\model\F06_species_binary_p09_provenance.json
F06_species_joint_p01,species_predictions,both,F06_full_species_predictions_joint.pdf,F06_species_joint_p01.svg,F06_species_joint_p01.png,F06_species_joint_p01_preview.png,figure_data\model\F06_species_joint_p01.csv,285.0,255.0,Full-data posterior median expected quantity: joint,95% posterior interval of expectation,READY,COMPLETED_BY_REVIEWER,figures\model\F06_species_joint_p01_provenance.json
F06_species_joint_p02,species_predictions,both,F06_full_species_predictions_joint.pdf,F06_species_joint_p02.svg,F06_species_joint_p02.png,F06_species_joint_p02_preview.png,figure_data\model\F06_species_joint_p02.csv,285.0,255.0,Full-data posterior median expected quantity: joint,95% posterior interval of expectation,READY,COMPLETED_BY_REVIEWER,figures\model\F06_species_joint_p02_provenance.json
F06_species_joint_p03,species_predictions,both,F06_full_species_predictions_joint.pdf,F06_species_joint_p03.svg,F06_species_joint_p03.png,F06_species_joint_p03_preview.png,figure_data\model\F06_species_joint_p03.csv,285.0,255.0,Full-data posterior median expected quantity: joint,95% posterior interval of expectation,READY,COMPLETED_BY_REVIEWER,figures\model\F06_species_joint_p03_provenance.json
F06_species_joint_p04,species_predictions,both,F06_full_species_predictions_joint.pdf,F06_species_joint_p04.svg,F06_species_joint_p04.png,F06_species_joint_p04_preview.png,figure_data\model\F06_species_joint_p04.csv,285.0,255.0,Full-data posterior median expected quantity: joint,95% posterior interval of expectation,READY,COMPLETED_BY_REVIEWER,figures\model\F06_species_joint_p04_provenance.json
F06_species_joint_p05,species_predictions,both,F06_full_species_predictions_joint.pdf,F06_species_joint_p05.svg,F06_species_joint_p05.png,F06_species_joint_p05_preview.png,figure_data\model\F06_species_joint_p05.csv,285.0,255.0,Full-data posterior median expected quantity: joint,95% posterior interval of expectation,READY,COMPLETED_BY_REVIEWER,figures\model\F06_species_joint_p05_provenance.json
F06_species_joint_p06,species_predictions,both,F06_full_species_predictions_joint.pdf,F06_species_joint_p06.svg,F06_species_joint_p06.png,F06_species_joint_p06_preview.png,figure_data\model\F06_species_joint_p06.csv,285.0,255.0,Full-data posterior median expected quantity: joint,95% posterior interval of expectation,READY,COMPLETED_BY_REVIEWER,figures\model\F06_species_joint_p06_provenance.json
F06_species_joint_p07,species_predictions,both,F06_full_species_predictions_joint.pdf,F06_species_joint_p07.svg,F06_species_joint_p07.png,F06_species_joint_p07_preview.png,figure_data\model\F06_species_joint_p07.csv,285.0,255.0,Full-data posterior median expected quantity: joint,95% posterior interval of expectation,READY,COMPLETED_BY_REVIEWER,figures\model\F06_species_joint_p07_provenance.json
F06_species_joint_p08,species_predictions,both,F06_full_species_predictions_joint.pdf,F06_species_joint_p08.svg,F06_species_joint_p08.png,F06_species_joint_p08_preview.png,figure_data\model\F06_species_joint_p08.csv,285.0,255.0,Full-data posterior median expected quantity: joint,95% posterior interval of expectation,READY,COMPLETED_BY_REVIEWER,figures\model\F06_species_joint_p08_provenance.json
F06_species_joint_p09,species_predictions,both,F06_full_species_predictions_joint.pdf,F06_species_joint_p09.svg,F06_species_joint_p09.png,F06_species_joint_p09_preview.png,figure_data\model\F06_species_joint_p09.csv,285.0,255.0,Full-data posterior median expected quantity: joint,95% posterior interval of expectation,READY,COMPLETED_BY_REVIEWER,figures\model\F06_species_joint_p09_provenance.json
S09_matrix_binary_common_parameter_p01,matrix_check,binary,S09_matrix_check_binary_common_parameter.pdf,S09_matrix_binary_common_parameter_p01.svg,S09_matrix_binary_common_parameter_p01.png,S09_matrix_binary_common_parameter_p01_preview.png,figure_data\model\S09_matrix_binary_common_parameter_p01.csv,215.0,180.0,Full/submatrix numerical posterior mean comparison,Original +/-2 joint MCSE review rule,REVIEW_DIFFERENCES,COMPLETED_BY_REVIEWER,figures\model\S09_matrix_binary_common_parameter_p01_provenance.json
S09_matrix_binary_observed_species_expected_value_p01,matrix_check,binary,S09_matrix_check_binary_observed_species_expected_value.pdf,S09_matrix_binary_observed_species_expected_value_p01.svg,S09_matrix_binary_observed_species_expected_value_p01.png,S09_matrix_binary_observed_species_expected_value_p01_preview.png,figure_data\model\S09_matrix_binary_observed_species_expected_value_p01.csv,215.0,275.0,Full/submatrix numerical posterior mean comparison,Original +/-2 joint MCSE review rule,WITHIN_2_MCSE,COMPLETED_BY_REVIEWER,figures\model\S09_matrix_binary_observed_species_expected_value_p01_provenance.json
S09_matrix_binary_observed_species_expected_value_p02,matrix_check,binary,S09_matrix_check_binary_observed_species_expected_value.pdf,S09_matrix_binary_observed_species_expected_value_p02.svg,S09_matrix_binary_observed_species_expected_value_p02.png,S09_matrix_binary_observed_species_expected_value_p02_preview.png,figure_data\model\S09_matrix_binary_observed_species_expected_value_p02.csv,215.0,130.0,Full/submatrix numerical posterior mean comparison,Original +/-2 joint MCSE review rule,WITHIN_2_MCSE,COMPLETED_BY_REVIEWER,figures\model\S09_matrix_binary_observed_species_expected_value_p02_provenance.json
S09_matrix_joint_common_parameter_p01,matrix_check,joint,S09_matrix_check_joint_common_parameter.pdf,S09_matrix_joint_common_parameter_p01.svg,S09_matrix_joint_common_parameter_p01.png,S09_matrix_joint_common_parameter_p01_preview.png,figure_data\model\S09_matrix_joint_common_parameter_p01.csv,215.0,190.0,Full/submatrix numerical posterior mean comparison,Original +/-2 joint MCSE review rule,REVIEW_DIFFERENCES,COMPLETED_BY_REVIEWER,figures\model\S09_matrix_joint_common_parameter_p01_provenance.json
S09_matrix_joint_observed_species_expected_value_p01,matrix_check,joint,S09_matrix_check_joint_observed_species_expected_value.pdf,S09_matrix_joint_observed_species_expected_value_p01.svg,S09_matrix_joint_observed_species_expected_value_p01.png,S09_matrix_joint_observed_species_expected_value_p01_preview.png,figure_data\model\S09_matrix_joint_observed_species_expected_value_p01.csv,215.0,275.0,Full/submatrix numerical posterior mean comparison,Original +/-2 joint MCSE review rule,WITHIN_2_MCSE,COMPLETED_BY_REVIEWER,figures\model\S09_matrix_joint_observed_species_expected_value_p01_provenance.json
S09_matrix_joint_observed_species_expected_value_p02,matrix_check,joint,S09_matrix_check_joint_observed_species_expected_value.pdf,S09_matrix_joint_observed_species_expected_value_p02.svg,S09_matrix_joint_observed_species_expected_value_p02.png,S09_matrix_joint_observed_species_expected_value_p02_preview.png,figure_data\model\S09_matrix_joint_observed_species_expected_value_p02.csv,215.0,130.0,Full/submatrix numerical posterior mean comparison,Original +/-2 joint MCSE review rule,WITHIN_2_MCSE,COMPLETED_BY_REVIEWER,figures\model\S09_matrix_joint_observed_species_expected_value_p02_provenance.json
S05_diagnostics_binary_sensitivity,sensitivity,both,S05_diagnostics_binary_sensitivity.pdf,S05_diagnostics_binary_sensitivity.svg,S05_diagnostics_binary_sensitivity.png,S05_diagnostics_binary_sensitivity_preview.png,figure_data\model\S05_diagnostics_binary_sensitivity.csv,225.0,205.0,Numerical diagnostic summaries,,READY,COMPLETED_BY_REVIEWER,figures\model\S05_diagnostics_binary_sensitivity_provenance.json
S08_sensitivity_binary_M3_U_b_sd_025,sensitivity,both,S08_sensitivity_binary.pdf,S08_sensitivity_binary_M3_U_b_sd_025.svg,S08_sensitivity_binary_M3_U_b_sd_025.png,S08_sensitivity_binary_M3_U_b_sd_025_preview.png,figure_data\model\S08_sensitivity_binary_M3_U_b_sd_025.csv,205.0,125.0,Shift between posterior point summaries under prespecified assumptions,"Separate 95% posterior intervals, not a paired difference interval",READY,COMPLETED_BY_REVIEWER,figures\model\S08_sensitivity_binary_M3_U_b_sd_025_provenance.json
S08_sensitivity_binary_M3_P_b_sd_025,sensitivity,both,S08_sensitivity_binary.pdf,S08_sensitivity_binary_M3_P_b_sd_025.svg,S08_sensitivity_binary_M3_P_b_sd_025.png,S08_sensitivity_binary_M3_P_b_sd_025_preview.png,figure_data\model\S08_sensitivity_binary_M3_P_b_sd_025.csv,205.0,125.0,Shift between posterior point summaries under prespecified assumptions,"Separate 95% posterior intervals, not a paired difference interval",READY,COMPLETED_BY_REVIEWER,figures\model\S08_sensitivity_binary_M3_P_b_sd_025_provenance.json
S08_sensitivity_binary_M3_U_b_sd_100,sensitivity,both,S08_sensitivity_binary.pdf,S08_sensitivity_binary_M3_U_b_sd_100.svg,S08_sensitivity_binary_M3_U_b_sd_100.png,S08_sensitivity_binary_M3_U_b_sd_100_preview.png,figure_data\model\S08_sensitivity_binary_M3_U_b_sd_100.csv,205.0,125.0,Shift between posterior point summaries under prespecified assumptions,"Separate 95% posterior intervals, not a paired difference interval",READY,COMPLETED_BY_REVIEWER,figures\model\S08_sensitivity_binary_M3_U_b_sd_100_provenance.json
S08_sensitivity_binary_M3_P_b_sd_100,sensitivity,both,S08_sensitivity_binary.pdf,S08_sensitivity_binary_M3_P_b_sd_100.svg,S08_sensitivity_binary_M3_P_b_sd_100.png,S08_sensitivity_binary_M3_P_b_sd_100_preview.png,figure_data\model\S08_sensitivity_binary_M3_P_b_sd_100.csv,205.0,125.0,Shift between posterior point summaries under prespecified assumptions,"Separate 95% posterior intervals, not a paired difference interval",READY,COMPLETED_BY_REVIEWER,figures\model\S08_sensitivity_binary_M3_P_b_sd_100_provenance.json
S08_sensitivity_binary_M1_U_beta_binomial,sensitivity,both,S08_sensitivity_binary.pdf,S08_sensitivity_binary_M1_U_beta_binomial.svg,S08_sensitivity_binary_M1_U_beta_binomial.png,S08_sensitivity_binary_M1_U_beta_binomial_preview.png,figure_data\model\S08_sensitivity_binary_M1_U_beta_binomial.csv,205.0,125.0,Shift between posterior point summaries under prespecified assumptions,"Separate 95% posterior intervals, not a paired difference interval",READY,COMPLETED_BY_REVIEWER,figures\model\S08_sensitivity_binary_M1_U_beta_binomial_provenance.json
S08_sensitivity_binary_M1_P_beta_binomial,sensitivity,both,S08_sensitivity_binary.pdf,S08_sensitivity_binary_M1_P_beta_binomial.svg,S08_sensitivity_binary_M1_P_beta_binomial.png,S08_sensitivity_binary_M1_P_beta_binomial_preview.png,figure_data\model\S08_sensitivity_binary_M1_P_beta_binomial.csv,205.0,125.0,Shift between posterior point summaries under prespecified assumptions,"Separate 95% posterior intervals, not a paired difference interval",READY,COMPLETED_BY_REVIEWER,figures\model\S08_sensitivity_binary_M1_P_beta_binomial_provenance.json
S05_diagnostics_joint_sensitivity,sensitivity,both,S05_diagnostics_joint_sensitivity.pdf,S05_diagnostics_joint_sensitivity.svg,S05_diagnostics_joint_sensitivity.png,S05_diagnostics_joint_sensitivity_preview.png,figure_data\model\S05_diagnostics_joint_sensitivity.csv,225.0,205.0,Numerical diagnostic summaries,,READY,COMPLETED_BY_REVIEWER,figures\model\S05_diagnostics_joint_sensitivity_provenance.json
S08_sensitivity_joint_M3_U_b_sd_025,sensitivity,both,S08_sensitivity_joint.pdf,S08_sensitivity_joint_M3_U_b_sd_025.svg,S08_sensitivity_joint_M3_U_b_sd_025.png,S08_sensitivity_joint_M3_U_b_sd_025_preview.png,figure_data\model\S08_sensitivity_joint_M3_U_b_sd_025.csv,205.0,125.0,Shift between posterior point summaries under prespecified assumptions,"Separate 95% posterior intervals, not a paired difference interval",READY,COMPLETED_BY_REVIEWER,figures\model\S08_sensitivity_joint_M3_U_b_sd_025_provenance.json
S08_sensitivity_joint_M3_P_b_sd_025,sensitivity,both,S08_sensitivity_joint.pdf,S08_sensitivity_joint_M3_P_b_sd_025.svg,S08_sensitivity_joint_M3_P_b_sd_025.png,S08_sensitivity_joint_M3_P_b_sd_025_preview.png,figure_data\model\S08_sensitivity_joint_M3_P_b_sd_025.csv,205.0,125.0,Shift between posterior point summaries under prespecified assumptions,"Separate 95% posterior intervals, not a paired difference interval",READY,COMPLETED_BY_REVIEWER,figures\model\S08_sensitivity_joint_M3_P_b_sd_025_provenance.json
S08_sensitivity_joint_M3_U_b_sd_100,sensitivity,both,S08_sensitivity_joint.pdf,S08_sensitivity_joint_M3_U_b_sd_100.svg,S08_sensitivity_joint_M3_U_b_sd_100.png,S08_sensitivity_joint_M3_U_b_sd_100_preview.png,figure_data\model\S08_sensitivity_joint_M3_U_b_sd_100.csv,205.0,125.0,Shift between posterior point summaries under prespecified assumptions,"Separate 95% posterior intervals, not a paired difference interval",READY,COMPLETED_BY_REVIEWER,figures\model\S08_sensitivity_joint_M3_U_b_sd_100_provenance.json
S08_sensitivity_joint_M3_P_b_sd_100,sensitivity,both,S08_sensitivity_joint.pdf,S08_sensitivity_joint_M3_P_b_sd_100.svg,S08_sensitivity_joint_M3_P_b_sd_100.png,S08_sensitivity_joint_M3_P_b_sd_100_preview.png,figure_data\model\S08_sensitivity_joint_M3_P_b_sd_100.csv,205.0,125.0,Shift between posterior point summaries under prespecified assumptions,"Separate 95% posterior intervals, not a paired difference interval",READY,COMPLETED_BY_REVIEWER,figures\model\S08_sensitivity_joint_M3_P_b_sd_100_provenance.json
S08_sensitivity_joint_M1_U_rho_beta22,sensitivity,both,S08_sensitivity_joint.pdf,S08_sensitivity_joint_M1_U_rho_beta22.svg,S08_sensitivity_joint_M1_U_rho_beta22.png,S08_sensitivity_joint_M1_U_rho_beta22_preview.png,figure_data\model\S08_sensitivity_joint_M1_U_rho_beta22.csv,205.0,125.0,Shift between posterior point summaries under prespecified assumptions,"Separate 95% posterior intervals, not a paired difference interval",READY,COMPLETED_BY_REVIEWER,figures\model\S08_sensitivity_joint_M1_U_rho_beta22_provenance.json
S08_sensitivity_joint_M1_P_rho_beta22,sensitivity,both,S08_sensitivity_joint.pdf,S08_sensitivity_joint_M1_P_rho_beta22.svg,S08_sensitivity_joint_M1_P_rho_beta22.png,S08_sensitivity_joint_M1_P_rho_beta22_preview.png,figure_data\model\S08_sensitivity_joint_M1_P_rho_beta22.csv,205.0,125.0,Shift between posterior point summaries under prespecified assumptions,"Separate 95% posterior intervals, not a paired difference interval",READY,COMPLETED_BY_REVIEWER,figures\model\S08_sensitivity_joint_M1_P_rho_beta22_provenance.json
S08_sensitivity_joint_M3_U_rho_beta22,sensitivity,both,S08_sensitivity_joint.pdf,S08_sensitivity_joint_M3_U_rho_beta22.svg,S08_sensitivity_joint_M3_U_rho_beta22.png,S08_sensitivity_joint_M3_U_rho_beta22_preview.png,figure_data\model\S08_sensitivity_joint_M3_U_rho_beta22.csv,205.0,125.0,Shift between posterior point summaries under prespecified assumptions,"Separate 95% posterior intervals, not a paired difference interval",READY,COMPLETED_BY_REVIEWER,figures\model\S08_sensitivity_joint_M3_U_rho_beta22_provenance.json
S08_sensitivity_joint_M3_P_rho_beta22,sensitivity,both,S08_sensitivity_joint.pdf,S08_sensitivity_joint_M3_P_rho_beta22.svg,S08_sensitivity_joint_M3_P_rho_beta22.png,S08_sensitivity_joint_M3_P_rho_beta22_preview.png,figure_data\model\S08_sensitivity_joint_M3_P_rho_beta22.csv,205.0,125.0,Shift between posterior point summaries under prespecified assumptions,"Separate 95% posterior intervals, not a paired difference interval",READY,COMPLETED_BY_REVIEWER,figures\model\S08_sensitivity_joint_M3_P_rho_beta22_provenance.json
S08_sensitivity_joint_M1_U_beta_binomial,sensitivity,both,S08_sensitivity_joint.pdf,S08_sensitivity_joint_M1_U_beta_binomial.svg,S08_sensitivity_joint_M1_U_beta_binomial.png,S08_sensitivity_joint_M1_U_beta_binomial_preview.png,figure_data\model\S08_sensitivity_joint_M1_U_beta_binomial.csv,205.0,125.0,Shift between posterior point summaries under prespecified assumptions,"Separate 95% posterior intervals, not a paired difference interval",READY,COMPLETED_BY_REVIEWER,figures\model\S08_sensitivity_joint_M1_U_beta_binomial_provenance.json
S08_sensitivity_joint_M1_P_beta_binomial,sensitivity,both,S08_sensitivity_joint.pdf,S08_sensitivity_joint_M1_P_beta_binomial.svg,S08_sensitivity_joint_M1_P_beta_binomial.png,S08_sensitivity_joint_M1_P_beta_binomial_preview.png,figure_data\model\S08_sensitivity_joint_M1_P_beta_binomial.csv,205.0,125.0,Shift between posterior point summaries under prespecified assumptions,"Separate 95% posterior intervals, not a paired difference interval",READY,COMPLETED_BY_REVIEWER,figures\model\S08_sensitivity_joint_M1_P_beta_binomial_provenance.json
S08_sensitivity_ppc_binary_HighFraction,sensitivity_ppc,binary,S08_sensitivity_ppc_binary_HighFraction.pdf,S08_sensitivity_ppc_binary_HighFraction.svg,S08_sensitivity_ppc_binary_HighFraction.png,S08_sensitivity_ppc_binary_HighFraction_preview.png,figure_data\model\S08_sensitivity_ppc_binary_HighFraction.csv,260.0,160.0,In-sample posterior predictive statistic under alternative assumptions,95% predictive-statistic interval,READY,COMPLETED_BY_REVIEWER,figures\model\S08_sensitivity_ppc_binary_HighFraction_provenance.json
S08_sensitivity_ppc_joint_count,sensitivity_ppc,joint,S08_sensitivity_ppc_joint_count.pdf,S08_sensitivity_ppc_joint_count.svg,S08_sensitivity_ppc_joint_count.png,S08_sensitivity_ppc_joint_count_preview.png,figure_data\model\S08_sensitivity_ppc_joint_count.csv,260.0,160.0,In-sample posterior predictive statistic under alternative assumptions,95% predictive-statistic interval,READY,COMPLETED_BY_REVIEWER,figures\model\S08_sensitivity_ppc_joint_count_provenance.json
S08_sensitivity_ppc_joint_exact,sensitivity_ppc,joint,S08_sensitivity_ppc_joint_exact.pdf,S08_sensitivity_ppc_joint_exact.svg,S08_sensitivity_ppc_joint_exact.png,S08_sensitivity_ppc_joint_exact_preview.png,figure_data\model\S08_sensitivity_ppc_joint_exact.csv,260.0,160.0,In-sample posterior predictive statistic under alternative assumptions,95% predictive-statistic interval,READY,COMPLETED_BY_REVIEWER,figures\model\S08_sensitivity_ppc_joint_exact_provenance.json
F02_elpd_binary_species,cv_elpd,binary_species,F02_elpd_binary_species.pdf,F02_elpd_binary_species.svg,F02_elpd_binary_species.png,F02_elpd_binary_species_preview.png,figure_data\model\F02_elpd_binary_species.csv,200.0,140.0,Whole-fold joint heldout log predictive score difference,"+/-1 paired SE, excluding MC integration error",REVIEW_REQUIRED,COMPLETED_BY_REVIEWER,figures\model\F02_elpd_binary_species_provenance.json
S05_cv_diagnostics_binary_species_fold1,cv_diagnostics,binary_species,S05_cv_diagnostics_binary_species_fold1.pdf,S05_cv_diagnostics_binary_species_fold1.svg,S05_cv_diagnostics_binary_species_fold1.png,S05_cv_diagnostics_binary_species_fold1_preview.png,figure_data\model\S05_cv_diagnostics_binary_species_fold1.csv,225.0,205.0,Numerical diagnostic summaries,,READY,COMPLETED_BY_REVIEWER,figures\model\S05_cv_diagnostics_binary_species_fold1_provenance.json
S05_cv_diagnostics_binary_species_fold2,cv_diagnostics,binary_species,S05_cv_diagnostics_binary_species_fold2.pdf,S05_cv_diagnostics_binary_species_fold2.svg,S05_cv_diagnostics_binary_species_fold2.png,S05_cv_diagnostics_binary_species_fold2_preview.png,figure_data\model\S05_cv_diagnostics_binary_species_fold2.csv,225.0,205.0,Numerical diagnostic summaries,,READY,COMPLETED_BY_REVIEWER,figures\model\S05_cv_diagnostics_binary_species_fold2_provenance.json
S05_cv_diagnostics_binary_species_fold3,cv_diagnostics,binary_species,S05_cv_diagnostics_binary_species_fold3.pdf,S05_cv_diagnostics_binary_species_fold3.svg,S05_cv_diagnostics_binary_species_fold3.png,S05_cv_diagnostics_binary_species_fold3_preview.png,figure_data\model\S05_cv_diagnostics_binary_species_fold3.csv,225.0,205.0,Numerical diagnostic summaries,,READY,COMPLETED_BY_REVIEWER,figures\model\S05_cv_diagnostics_binary_species_fold3_provenance.json
S05_cv_diagnostics_binary_species_fold4,cv_diagnostics,binary_species,S05_cv_diagnostics_binary_species_fold4.pdf,S05_cv_diagnostics_binary_species_fold4.svg,S05_cv_diagnostics_binary_species_fold4.png,S05_cv_diagnostics_binary_species_fold4_preview.png,figure_data\model\S05_cv_diagnostics_binary_species_fold4.csv,225.0,205.0,Numerical diagnostic summaries,,READY,COMPLETED_BY_REVIEWER,figures\model\S05_cv_diagnostics_binary_species_fold4_provenance.json
S05_cv_diagnostics_binary_species_fold5,cv_diagnostics,binary_species,S05_cv_diagnostics_binary_species_fold5.pdf,S05_cv_diagnostics_binary_species_fold5.svg,S05_cv_diagnostics_binary_species_fold5.png,S05_cv_diagnostics_binary_species_fold5_preview.png,figure_data\model\S05_cv_diagnostics_binary_species_fold5.csv,225.0,205.0,Numerical diagnostic summaries,,READY,COMPLETED_BY_REVIEWER,figures\model\S05_cv_diagnostics_binary_species_fold5_provenance.json
F02_elpd_binary_phylo_distance,cv_elpd,binary_phylo_distance,F02_elpd_binary_phylo_distance.pdf,F02_elpd_binary_phylo_distance.svg,F02_elpd_binary_phylo_distance.png,F02_elpd_binary_phylo_distance_preview.png,figure_data\model\F02_elpd_binary_phylo_distance.csv,200.0,140.0,Whole-fold joint heldout log predictive score difference,"+/-1 paired SE, excluding MC integration error",REVIEW_REQUIRED,COMPLETED_BY_REVIEWER,figures\model\F02_elpd_binary_phylo_distance_provenance.json
S05_cv_diagnostics_binary_phylo_distance_fold1,cv_diagnostics,binary_phylo_distance,S05_cv_diagnostics_binary_phylo_distance_fold1.pdf,S05_cv_diagnostics_binary_phylo_distance_fold1.svg,S05_cv_diagnostics_binary_phylo_distance_fold1.png,S05_cv_diagnostics_binary_phylo_distance_fold1_preview.png,figure_data\model\S05_cv_diagnostics_binary_phylo_distance_fold1.csv,225.0,205.0,Numerical diagnostic summaries,,READY,COMPLETED_BY_REVIEWER,figures\model\S05_cv_diagnostics_binary_phylo_distance_fold1_provenance.json
S05_cv_diagnostics_binary_phylo_distance_fold2,cv_diagnostics,binary_phylo_distance,S05_cv_diagnostics_binary_phylo_distance_fold2.pdf,S05_cv_diagnostics_binary_phylo_distance_fold2.svg,S05_cv_diagnostics_binary_phylo_distance_fold2.png,S05_cv_diagnostics_binary_phylo_distance_fold2_preview.png,figure_data\model\S05_cv_diagnostics_binary_phylo_distance_fold2.csv,225.0,205.0,Numerical diagnostic summaries,,READY,COMPLETED_BY_REVIEWER,figures\model\S05_cv_diagnostics_binary_phylo_distance_fold2_provenance.json
S05_cv_diagnostics_binary_phylo_distance_fold3,cv_diagnostics,binary_phylo_distance,S05_cv_diagnostics_binary_phylo_distance_fold3.pdf,S05_cv_diagnostics_binary_phylo_distance_fold3.svg,S05_cv_diagnostics_binary_phylo_distance_fold3.png,S05_cv_diagnostics_binary_phylo_distance_fold3_preview.png,figure_data\model\S05_cv_diagnostics_binary_phylo_distance_fold3.csv,225.0,205.0,Numerical diagnostic summaries,,READY,COMPLETED_BY_REVIEWER,figures\model\S05_cv_diagnostics_binary_phylo_distance_fold3_provenance.json
S05_cv_diagnostics_binary_phylo_distance_fold4,cv_diagnostics,binary_phylo_distance,S05_cv_diagnostics_binary_phylo_distance_fold4.pdf,S05_cv_diagnostics_binary_phylo_distance_fold4.svg,S05_cv_diagnostics_binary_phylo_distance_fold4.png,S05_cv_diagnostics_binary_phylo_distance_fold4_preview.png,figure_data\model\S05_cv_diagnostics_binary_phylo_distance_fold4.csv,225.0,205.0,Numerical diagnostic summaries,,READY,COMPLETED_BY_REVIEWER,figures\model\S05_cv_diagnostics_binary_phylo_distance_fold4_provenance.json
S05_cv_diagnostics_binary_phylo_distance_fold5,cv_diagnostics,binary_phylo_distance,S05_cv_diagnostics_binary_phylo_distance_fold5.pdf,S05_cv_diagnostics_binary_phylo_distance_fold5.svg,S05_cv_diagnostics_binary_phylo_distance_fold5.png,S05_cv_diagnostics_binary_phylo_distance_fold5_preview.png,figure_data\model\S05_cv_diagnostics_binary_phylo_distance_fold5.csv,225.0,205.0,Numerical diagnostic summaries,,READY,COMPLETED_BY_REVIEWER,figures\model\S05_cv_diagnostics_binary_phylo_distance_fold5_provenance.json
F02_elpd_joint_species,cv_elpd,joint_species,F02_elpd_joint_species.pdf,F02_elpd_joint_species.svg,F02_elpd_joint_species.png,F02_elpd_joint_species_preview.png,figure_data\model\F02_elpd_joint_species.csv,200.0,140.0,Whole-fold joint heldout log predictive score difference,"+/-1 paired SE, excluding MC integration error",REVIEW_REQUIRED,COMPLETED_BY_REVIEWER,figures\model\F02_elpd_joint_species_provenance.json
S05_cv_diagnostics_joint_species_fold1,cv_diagnostics,joint_species,S05_cv_diagnostics_joint_species_fold1.pdf,S05_cv_diagnostics_joint_species_fold1.svg,S05_cv_diagnostics_joint_species_fold1.png,S05_cv_diagnostics_joint_species_fold1_preview.png,figure_data\model\S05_cv_diagnostics_joint_species_fold1.csv,225.0,205.0,Numerical diagnostic summaries,,READY,COMPLETED_BY_REVIEWER,figures\model\S05_cv_diagnostics_joint_species_fold1_provenance.json
S05_cv_diagnostics_joint_species_fold2,cv_diagnostics,joint_species,S05_cv_diagnostics_joint_species_fold2.pdf,S05_cv_diagnostics_joint_species_fold2.svg,S05_cv_diagnostics_joint_species_fold2.png,S05_cv_diagnostics_joint_species_fold2_preview.png,figure_data\model\S05_cv_diagnostics_joint_species_fold2.csv,225.0,205.0,Numerical diagnostic summaries,,READY,COMPLETED_BY_REVIEWER,figures\model\S05_cv_diagnostics_joint_species_fold2_provenance.json
S05_cv_diagnostics_joint_species_fold3,cv_diagnostics,joint_species,S05_cv_diagnostics_joint_species_fold3.pdf,S05_cv_diagnostics_joint_species_fold3.svg,S05_cv_diagnostics_joint_species_fold3.png,S05_cv_diagnostics_joint_species_fold3_preview.png,figure_data\model\S05_cv_diagnostics_joint_species_fold3.csv,225.0,205.0,Numerical diagnostic summaries,,READY,COMPLETED_BY_REVIEWER,figures\model\S05_cv_diagnostics_joint_species_fold3_provenance.json
S05_cv_diagnostics_joint_species_fold4,cv_diagnostics,joint_species,S05_cv_diagnostics_joint_species_fold4.pdf,S05_cv_diagnostics_joint_species_fold4.svg,S05_cv_diagnostics_joint_species_fold4.png,S05_cv_diagnostics_joint_species_fold4_preview.png,figure_data\model\S05_cv_diagnostics_joint_species_fold4.csv,225.0,205.0,Numerical diagnostic summaries,,READY,COMPLETED_BY_REVIEWER,figures\model\S05_cv_diagnostics_joint_species_fold4_provenance.json
S05_cv_diagnostics_joint_species_fold5,cv_diagnostics,joint_species,S05_cv_diagnostics_joint_species_fold5.pdf,S05_cv_diagnostics_joint_species_fold5.svg,S05_cv_diagnostics_joint_species_fold5.png,S05_cv_diagnostics_joint_species_fold5_preview.png,figure_data\model\S05_cv_diagnostics_joint_species_fold5.csv,225.0,205.0,Numerical diagnostic summaries,,READY,COMPLETED_BY_REVIEWER,figures\model\S05_cv_diagnostics_joint_species_fold5_provenance.json
F02_elpd_joint_phylo_distance,cv_elpd,joint_phylo_distance,F02_elpd_joint_phylo_distance.pdf,F02_elpd_joint_phylo_distance.svg,F02_elpd_joint_phylo_distance.png,F02_elpd_joint_phylo_distance_preview.png,figure_data\model\F02_elpd_joint_phylo_distance.csv,200.0,140.0,Whole-fold joint heldout log predictive score difference,"+/-1 paired SE, excluding MC integration error",REVIEW_REQUIRED,COMPLETED_BY_REVIEWER,figures\model\F02_elpd_joint_phylo_distance_provenance.json
S05_cv_diagnostics_joint_phylo_distance_fold1,cv_diagnostics,joint_phylo_distance,S05_cv_diagnostics_joint_phylo_distance_fold1.pdf,S05_cv_diagnostics_joint_phylo_distance_fold1.svg,S05_cv_diagnostics_joint_phylo_distance_fold1.png,S05_cv_diagnostics_joint_phylo_distance_fold1_preview.png,figure_data\model\S05_cv_diagnostics_joint_phylo_distance_fold1.csv,225.0,205.0,Numerical diagnostic summaries,,READY,COMPLETED_BY_REVIEWER,figures\model\S05_cv_diagnostics_joint_phylo_distance_fold1_provenance.json
S05_cv_diagnostics_joint_phylo_distance_fold2,cv_diagnostics,joint_phylo_distance,S05_cv_diagnostics_joint_phylo_distance_fold2.pdf,S05_cv_diagnostics_joint_phylo_distance_fold2.svg,S05_cv_diagnostics_joint_phylo_distance_fold2.png,S05_cv_diagnostics_joint_phylo_distance_fold2_preview.png,figure_data\model\S05_cv_diagnostics_joint_phylo_distance_fold2.csv,225.0,205.0,Numerical diagnostic summaries,,READY,COMPLETED_BY_REVIEWER,figures\model\S05_cv_diagnostics_joint_phylo_distance_fold2_provenance.json
S05_cv_diagnostics_joint_phylo_distance_fold3,cv_diagnostics,joint_phylo_distance,S05_cv_diagnostics_joint_phylo_distance_fold3.pdf,S05_cv_diagnostics_joint_phylo_distance_fold3.svg,S05_cv_diagnostics_joint_phylo_distance_fold3.png,S05_cv_diagnostics_joint_phylo_distance_fold3_preview.png,figure_data\model\S05_cv_diagnostics_joint_phylo_distance_fold3.csv,225.0,205.0,Numerical diagnostic summaries,,READY,COMPLETED_BY_REVIEWER,figures\model\S05_cv_diagnostics_joint_phylo_distance_fold3_provenance.json
S05_cv_diagnostics_joint_phylo_distance_fold4,cv_diagnostics,joint_phylo_distance,S05_cv_diagnostics_joint_phylo_distance_fold4.pdf,S05_cv_diagnostics_joint_phylo_distance_fold4.svg,S05_cv_diagnostics_joint_phylo_distance_fold4.png,S05_cv_diagnostics_joint_phylo_distance_fold4_preview.png,figure_data\model\S05_cv_diagnostics_joint_phylo_distance_fold4.csv,225.0,205.0,Numerical diagnostic summaries,,READY,COMPLETED_BY_REVIEWER,figures\model\S05_cv_diagnostics_joint_phylo_distance_fold4_provenance.json
S05_cv_diagnostics_joint_phylo_distance_fold5,cv_diagnostics,joint_phylo_distance,S05_cv_diagnostics_joint_phylo_distance_fold5.pdf,S05_cv_diagnostics_joint_phylo_distance_fold5.svg,S05_cv_diagnostics_joint_phylo_distance_fold5.png,S05_cv_diagnostics_joint_phylo_distance_fold5_preview.png,figure_data\model\S05_cv_diagnostics_joint_phylo_distance_fold5.csv,225.0,205.0,Numerical diagnostic summaries,,READY,COMPLETED_BY_REVIEWER,figures\model\S05_cv_diagnostics_joint_phylo_distance_fold5_provenance.json
F04_future_bands_species_M1_U_p01,predictive_bands,species,F04_future_predictive_bands_species_M1_U.pdf,F04_future_bands_species_M1_U_p01.svg,F04_future_bands_species_M1_U_p01.png,F04_future_bands_species_M1_U_p01_preview.png,figure_data\model\F04_future_bands_species_M1_U_p01.csv,225.0,235.00000000000003,OOF posterior predictive future experimental ratio,50% and 95% empirical posterior predictive intervals,READY,COMPLETED_BY_REVIEWER,figures\model\F04_future_bands_species_M1_U_p01_provenance.json
F04_future_bands_species_M1_U_p02,predictive_bands,species,F04_future_predictive_bands_species_M1_U.pdf,F04_future_bands_species_M1_U_p02.svg,F04_future_bands_species_M1_U_p02.png,F04_future_bands_species_M1_U_p02_preview.png,figure_data\model\F04_future_bands_species_M1_U_p02.csv,225.0,235.00000000000003,OOF posterior predictive future experimental ratio,50% and 95% empirical posterior predictive intervals,READY,COMPLETED_BY_REVIEWER,figures\model\F04_future_bands_species_M1_U_p02_provenance.json
F04_future_bands_species_M1_U_p03,predictive_bands,species,F04_future_predictive_bands_species_M1_U.pdf,F04_future_bands_species_M1_U_p03.svg,F04_future_bands_species_M1_U_p03.png,F04_future_bands_species_M1_U_p03_preview.png,figure_data\model\F04_future_bands_species_M1_U_p03.csv,225.0,235.00000000000003,OOF posterior predictive future experimental ratio,50% and 95% empirical posterior predictive intervals,READY,COMPLETED_BY_REVIEWER,figures\model\F04_future_bands_species_M1_U_p03_provenance.json
F04_future_bands_species_M1_U_p04,predictive_bands,species,F04_future_predictive_bands_species_M1_U.pdf,F04_future_bands_species_M1_U_p04.svg,F04_future_bands_species_M1_U_p04.png,F04_future_bands_species_M1_U_p04_preview.png,figure_data\model\F04_future_bands_species_M1_U_p04.csv,225.0,235.00000000000003,OOF posterior predictive future experimental ratio,50% and 95% empirical posterior predictive intervals,READY,COMPLETED_BY_REVIEWER,figures\model\F04_future_bands_species_M1_U_p04_provenance.json
F04_future_bands_species_M1_P_p01,predictive_bands,species,F04_future_predictive_bands_species_M1_P.pdf,F04_future_bands_species_M1_P_p01.svg,F04_future_bands_species_M1_P_p01.png,F04_future_bands_species_M1_P_p01_preview.png,figure_data\model\F04_future_bands_species_M1_P_p01.csv,225.0,235.00000000000003,OOF posterior predictive future experimental ratio,50% and 95% empirical posterior predictive intervals,READY,COMPLETED_BY_REVIEWER,figures\model\F04_future_bands_species_M1_P_p01_provenance.json
F04_future_bands_species_M1_P_p02,predictive_bands,species,F04_future_predictive_bands_species_M1_P.pdf,F04_future_bands_species_M1_P_p02.svg,F04_future_bands_species_M1_P_p02.png,F04_future_bands_species_M1_P_p02_preview.png,figure_data\model\F04_future_bands_species_M1_P_p02.csv,225.0,235.00000000000003,OOF posterior predictive future experimental ratio,50% and 95% empirical posterior predictive intervals,READY,COMPLETED_BY_REVIEWER,figures\model\F04_future_bands_species_M1_P_p02_provenance.json
F04_future_bands_species_M1_P_p03,predictive_bands,species,F04_future_predictive_bands_species_M1_P.pdf,F04_future_bands_species_M1_P_p03.svg,F04_future_bands_species_M1_P_p03.png,F04_future_bands_species_M1_P_p03_preview.png,figure_data\model\F04_future_bands_species_M1_P_p03.csv,225.0,235.00000000000003,OOF posterior predictive future experimental ratio,50% and 95% empirical posterior predictive intervals,READY,COMPLETED_BY_REVIEWER,figures\model\F04_future_bands_species_M1_P_p03_provenance.json
F04_future_bands_species_M1_P_p04,predictive_bands,species,F04_future_predictive_bands_species_M1_P.pdf,F04_future_bands_species_M1_P_p04.svg,F04_future_bands_species_M1_P_p04.png,F04_future_bands_species_M1_P_p04_preview.png,figure_data\model\F04_future_bands_species_M1_P_p04.csv,225.0,235.00000000000003,OOF posterior predictive future experimental ratio,50% and 95% empirical posterior predictive intervals,READY,COMPLETED_BY_REVIEWER,figures\model\F04_future_bands_species_M1_P_p04_provenance.json
F04_future_bands_phylo_distance_M1_U_p01,predictive_bands,phylo_distance,F04_future_predictive_bands_phylo_distance_M1_U.pdf,F04_future_bands_phylo_distance_M1_U_p01.svg,F04_future_bands_phylo_distance_M1_U_p01.png,F04_future_bands_phylo_distance_M1_U_p01_preview.png,figure_data\model\F04_future_bands_phylo_distance_M1_U_p01.csv,225.0,235.00000000000003,OOF posterior predictive future experimental ratio,50% and 95% empirical posterior predictive intervals,READY,COMPLETED_BY_REVIEWER,figures\model\F04_future_bands_phylo_distance_M1_U_p01_provenance.json
F04_future_bands_phylo_distance_M1_U_p02,predictive_bands,phylo_distance,F04_future_predictive_bands_phylo_distance_M1_U.pdf,F04_future_bands_phylo_distance_M1_U_p02.svg,F04_future_bands_phylo_distance_M1_U_p02.png,F04_future_bands_phylo_distance_M1_U_p02_preview.png,figure_data\model\F04_future_bands_phylo_distance_M1_U_p02.csv,225.0,235.00000000000003,OOF posterior predictive future experimental ratio,50% and 95% empirical posterior predictive intervals,READY,COMPLETED_BY_REVIEWER,figures\model\F04_future_bands_phylo_distance_M1_U_p02_provenance.json
F04_future_bands_phylo_distance_M1_U_p03,predictive_bands,phylo_distance,F04_future_predictive_bands_phylo_distance_M1_U.pdf,F04_future_bands_phylo_distance_M1_U_p03.svg,F04_future_bands_phylo_distance_M1_U_p03.png,F04_future_bands_phylo_distance_M1_U_p03_preview.png,figure_data\model\F04_future_bands_phylo_distance_M1_U_p03.csv,225.0,235.00000000000003,OOF posterior predictive future experimental ratio,50% and 95% empirical posterior predictive intervals,READY,COMPLETED_BY_REVIEWER,figures\model\F04_future_bands_phylo_distance_M1_U_p03_provenance.json
F04_future_bands_phylo_distance_M1_U_p04,predictive_bands,phylo_distance,F04_future_predictive_bands_phylo_distance_M1_U.pdf,F04_future_bands_phylo_distance_M1_U_p04.svg,F04_future_bands_phylo_distance_M1_U_p04.png,F04_future_bands_phylo_distance_M1_U_p04_preview.png,figure_data\model\F04_future_bands_phylo_distance_M1_U_p04.csv,225.0,235.00000000000003,OOF posterior predictive future experimental ratio,50% and 95% empirical posterior predictive intervals,READY,COMPLETED_BY_REVIEWER,figures\model\F04_future_bands_phylo_distance_M1_U_p04_provenance.json
F04_future_bands_phylo_distance_M1_P_p01,predictive_bands,phylo_distance,F04_future_predictive_bands_phylo_distance_M1_P.pdf,F04_future_bands_phylo_distance_M1_P_p01.svg,F04_future_bands_phylo_distance_M1_P_p01.png,F04_future_bands_phylo_distance_M1_P_p01_preview.png,figure_data\model\F04_future_bands_phylo_distance_M1_P_p01.csv,225.0,235.00000000000003,OOF posterior predictive future experimental ratio,50% and 95% empirical posterior predictive intervals,READY,COMPLETED_BY_REVIEWER,figures\model\F04_future_bands_phylo_distance_M1_P_p01_provenance.json
F04_future_bands_phylo_distance_M1_P_p02,predictive_bands,phylo_distance,F04_future_predictive_bands_phylo_distance_M1_P.pdf,F04_future_bands_phylo_distance_M1_P_p02.svg,F04_future_bands_phylo_distance_M1_P_p02.png,F04_future_bands_phylo_distance_M1_P_p02_preview.png,figure_data\model\F04_future_bands_phylo_distance_M1_P_p02.csv,225.0,235.00000000000003,OOF posterior predictive future experimental ratio,50% and 95% empirical posterior predictive intervals,READY,COMPLETED_BY_REVIEWER,figures\model\F04_future_bands_phylo_distance_M1_P_p02_provenance.json
F04_future_bands_phylo_distance_M1_P_p03,predictive_bands,phylo_distance,F04_future_predictive_bands_phylo_distance_M1_P.pdf,F04_future_bands_phylo_distance_M1_P_p03.svg,F04_future_bands_phylo_distance_M1_P_p03.png,F04_future_bands_phylo_distance_M1_P_p03_preview.png,figure_data\model\F04_future_bands_phylo_distance_M1_P_p03.csv,225.0,235.00000000000003,OOF posterior predictive future experimental ratio,50% and 95% empirical posterior predictive intervals,READY,COMPLETED_BY_REVIEWER,figures\model\F04_future_bands_phylo_distance_M1_P_p03_provenance.json
F04_future_bands_phylo_distance_M1_P_p04,predictive_bands,phylo_distance,F04_future_predictive_bands_phylo_distance_M1_P.pdf,F04_future_bands_phylo_distance_M1_P_p04.svg,F04_future_bands_phylo_distance_M1_P_p04.png,F04_future_bands_phylo_distance_M1_P_p04_preview.png,figure_data\model\F04_future_bands_phylo_distance_M1_P_p04.csv,225.0,235.00000000000003,OOF posterior predictive future experimental ratio,50% and 95% empirical posterior predictive intervals,READY,COMPLETED_BY_REVIEWER,figures\model\F04_future_bands_phylo_distance_M1_P_p04_provenance.json
S06_mc_score_binary_species,cv_mc,binary_species,S06_mc_score_binary_species.pdf,S06_mc_score_binary_species.svg,S06_mc_score_binary_species.png,S06_mc_score_binary_species_preview.png,figure_data\model\S06_mc_score_binary_species.csv,210.00000000000003,195.0,Monte Carlo score integration diagnostics,,REVIEW_REQUIRED,COMPLETED_BY_REVIEWER,figures\model\S06_mc_score_binary_species_provenance.json
S06_mc_score_binary_phylo_distance,cv_mc,binary_phylo_distance,S06_mc_score_binary_phylo_distance.pdf,S06_mc_score_binary_phylo_distance.svg,S06_mc_score_binary_phylo_distance.png,S06_mc_score_binary_phylo_distance_preview.png,figure_data\model\S06_mc_score_binary_phylo_distance.csv,210.00000000000003,195.0,Monte Carlo score integration diagnostics,,REVIEW_REQUIRED,COMPLETED_BY_REVIEWER,figures\model\S06_mc_score_binary_phylo_distance_provenance.json
S06_mc_score_joint_species,cv_mc,joint_species,S06_mc_score_joint_species.pdf,S06_mc_score_joint_species.svg,S06_mc_score_joint_species.png,S06_mc_score_joint_species_preview.png,figure_data\model\S06_mc_score_joint_species.csv,210.00000000000003,195.0,Monte Carlo score integration diagnostics,,REVIEW_REQUIRED,COMPLETED_BY_REVIEWER,figures\model\S06_mc_score_joint_species_provenance.json
S06_mc_score_joint_phylo_distance,cv_mc,joint_phylo_distance,S06_mc_score_joint_phylo_distance.pdf,S06_mc_score_joint_phylo_distance.svg,S06_mc_score_joint_phylo_distance.png,S06_mc_score_joint_phylo_distance_preview.png,figure_data\model\S06_mc_score_joint_phylo_distance.csv,210.00000000000003,195.0,Monte Carlo score integration diagnostics,,REVIEW_REQUIRED,COMPLETED_BY_REVIEWER,figures\model\S06_mc_score_joint_phylo_distance_provenance.json
F02_quantitative_metrics_species_count_exact,metrics,species,F02_quantitative_metrics_species_count_exact.pdf,F02_quantitative_metrics_species_count_exact.svg,F02_quantitative_metrics_species_count_exact.png,F02_quantitative_metrics_species_count_exact_preview.png,figure_data\model\F02_quantitative_metrics_species_count_exact.csv,225.0,160.0,OOF experiment-weighted point errors and predictive CRPS,"Fold values, not confidence intervals",READY,COMPLETED_BY_REVIEWER,figures\model\F02_quantitative_metrics_species_count_exact_provenance.json
F02_quantitative_metrics_species_count,metrics,species,F02_quantitative_metrics_species_count.pdf,F02_quantitative_metrics_species_count.svg,F02_quantitative_metrics_species_count.png,F02_quantitative_metrics_species_count_preview.png,figure_data\model\F02_quantitative_metrics_species_count.csv,225.0,160.0,OOF experiment-weighted point errors and predictive CRPS,"Fold values, not confidence intervals",READY,COMPLETED_BY_REVIEWER,figures\model\F02_quantitative_metrics_species_count_provenance.json
F02_quantitative_metrics_species_exact,metrics,species,F02_quantitative_metrics_species_exact.pdf,F02_quantitative_metrics_species_exact.svg,F02_quantitative_metrics_species_exact.png,F02_quantitative_metrics_species_exact_preview.png,figure_data\model\F02_quantitative_metrics_species_exact.csv,225.0,160.0,OOF experiment-weighted point errors and predictive CRPS,"Fold values, not confidence intervals",READY,COMPLETED_BY_REVIEWER,figures\model\F02_quantitative_metrics_species_exact_provenance.json
S03_predictive_coverage_species,metrics,species,S03_predictive_coverage_species.pdf,S03_predictive_coverage_species.svg,S03_predictive_coverage_species.png,S03_predictive_coverage_species_preview.png,figure_data\model\S03_predictive_coverage_species.csv,215.0,150.0,Empirical OOF future-result predictive coverage and width,,READY,COMPLETED_BY_REVIEWER,figures\model\S03_predictive_coverage_species_provenance.json
F02_quantitative_metrics_phylo_distance_count_exact,metrics,phylo_distance,F02_quantitative_metrics_phylo_distance_count_exact.pdf,F02_quantitative_metrics_phylo_distance_count_exact.svg,F02_quantitative_metrics_phylo_distance_count_exact.png,F02_quantitative_metrics_phylo_distance_count_exact_preview.png,figure_data\model\F02_quantitative_metrics_phylo_distance_count_exact.csv,225.0,160.0,OOF experiment-weighted point errors and predictive CRPS,"Fold values, not confidence intervals",READY,COMPLETED_BY_REVIEWER,figures\model\F02_quantitative_metrics_phylo_distance_count_exact_provenance.json
F02_quantitative_metrics_phylo_distance_count,metrics,phylo_distance,F02_quantitative_metrics_phylo_distance_count.pdf,F02_quantitative_metrics_phylo_distance_count.svg,F02_quantitative_metrics_phylo_distance_count.png,F02_quantitative_metrics_phylo_distance_count_preview.png,figure_data\model\F02_quantitative_metrics_phylo_distance_count.csv,225.0,160.0,OOF experiment-weighted point errors and predictive CRPS,"Fold values, not confidence intervals",READY,COMPLETED_BY_REVIEWER,figures\model\F02_quantitative_metrics_phylo_distance_count_provenance.json
F02_quantitative_metrics_phylo_distance_exact,metrics,phylo_distance,F02_quantitative_metrics_phylo_distance_exact.pdf,F02_quantitative_metrics_phylo_distance_exact.svg,F02_quantitative_metrics_phylo_distance_exact.png,F02_quantitative_metrics_phylo_distance_exact_preview.png,figure_data\model\F02_quantitative_metrics_phylo_distance_exact.csv,225.0,160.0,OOF experiment-weighted point errors and predictive CRPS,"Fold values, not confidence intervals",READY,COMPLETED_BY_REVIEWER,figures\model\F02_quantitative_metrics_phylo_distance_exact_provenance.json
S03_predictive_coverage_phylo_distance,metrics,phylo_distance,S03_predictive_coverage_phylo_distance.pdf,S03_predictive_coverage_phylo_distance.svg,S03_predictive_coverage_phylo_distance.png,S03_predictive_coverage_phylo_distance_preview.png,figure_data\model\S03_predictive_coverage_phylo_distance.csv,215.0,150.0,Empirical OOF future-result predictive coverage and width,,READY,COMPLETED_BY_REVIEWER,figures\model\S03_predictive_coverage_phylo_distance_provenance.json
F04_oof_prediction_species_Null_U,quantitative,species,F04_oof_prediction_observation_species.pdf,F04_oof_prediction_species_Null_U.svg,F04_oof_prediction_species_Null_U.png,F04_oof_prediction_species_Null_U_preview.png,figure_data\model\F04_oof_prediction_species_Null_U.csv,205.0,125.0,OOF posterior mean of m and interval-event probability,Original observed intervals; event probability posterior interval,READY,COMPLETED_BY_REVIEWER,figures\model\F04_oof_prediction_species_Null_U_provenance.json
F04_oof_prediction_species_Phylogeny_only_P,quantitative,species,F04_oof_prediction_observation_species.pdf,F04_oof_prediction_species_Phylogeny_only_P.svg,F04_oof_prediction_species_Phylogeny_only_P.png,F04_oof_prediction_species_Phylogeny_only_P_preview.png,figure_data\model\F04_oof_prediction_species_Phylogeny_only_P.csv,205.0,125.0,OOF posterior mean of m and interval-event probability,Original observed intervals; event probability posterior interval,READY,COMPLETED_BY_REVIEWER,figures\model\F04_oof_prediction_species_Phylogeny_only_P_provenance.json
F04_oof_prediction_species_Site315_U,quantitative,species,F04_oof_prediction_observation_species.pdf,F04_oof_prediction_species_Site315_U.svg,F04_oof_prediction_species_Site315_U.png,F04_oof_prediction_species_Site315_U_preview.png,figure_data\model\F04_oof_prediction_species_Site315_U.csv,205.0,125.0,OOF posterior mean of m and interval-event probability,Original observed intervals; event probability posterior interval,READY,COMPLETED_BY_REVIEWER,figures\model\F04_oof_prediction_species_Site315_U_provenance.json
F04_oof_prediction_species_Site315_P,quantitative,species,F04_oof_prediction_observation_species.pdf,F04_oof_prediction_species_Site315_P.svg,F04_oof_prediction_species_Site315_P.png,F04_oof_prediction_species_Site315_P_preview.png,figure_data\model\F04_oof_prediction_species_Site315_P.csv,205.0,125.0,OOF posterior mean of m and interval-event probability,Original observed intervals; event probability posterior interval,READY,COMPLETED_BY_REVIEWER,figures\model\F04_oof_prediction_species_Site315_P_provenance.json
F04_oof_prediction_species_M1_U,quantitative,species,F04_oof_prediction_observation_species.pdf,F04_oof_prediction_species_M1_U.svg,F04_oof_prediction_species_M1_U.png,F04_oof_prediction_species_M1_U_preview.png,figure_data\model\F04_oof_prediction_species_M1_U.csv,205.0,125.0,OOF posterior mean of m and interval-event probability,Original observed intervals; event probability posterior interval,READY,COMPLETED_BY_REVIEWER,figures\model\F04_oof_prediction_species_M1_U_provenance.json
F04_oof_prediction_species_M1_P,quantitative,species,F04_oof_prediction_observation_species.pdf,F04_oof_prediction_species_M1_P.svg,F04_oof_prediction_species_M1_P.png,F04_oof_prediction_species_M1_P_preview.png,figure_data\model\F04_oof_prediction_species_M1_P.csv,205.0,125.0,OOF posterior mean of m and interval-event probability,Original observed intervals; event probability posterior interval,READY,COMPLETED_BY_REVIEWER,figures\model\F04_oof_prediction_species_M1_P_provenance.json
F04_oof_prediction_species_M2_U,quantitative,species,F04_oof_prediction_observation_species.pdf,F04_oof_prediction_species_M2_U.svg,F04_oof_prediction_species_M2_U.png,F04_oof_prediction_species_M2_U_preview.png,figure_data\model\F04_oof_prediction_species_M2_U.csv,205.0,125.0,OOF posterior mean of m and interval-event probability,Original observed intervals; event probability posterior interval,READY,COMPLETED_BY_REVIEWER,figures\model\F04_oof_prediction_species_M2_U_provenance.json
F04_oof_prediction_species_M2_P,quantitative,species,F04_oof_prediction_observation_species.pdf,F04_oof_prediction_species_M2_P.svg,F04_oof_prediction_species_M2_P.png,F04_oof_prediction_species_M2_P_preview.png,figure_data\model\F04_oof_prediction_species_M2_P.csv,205.0,125.0,OOF posterior mean of m and interval-event probability,Original observed intervals; event probability posterior interval,READY,COMPLETED_BY_REVIEWER,figures\model\F04_oof_prediction_species_M2_P_provenance.json
F04_oof_prediction_species_M3_U,quantitative,species,F04_oof_prediction_observation_species.pdf,F04_oof_prediction_species_M3_U.svg,F04_oof_prediction_species_M3_U.png,F04_oof_prediction_species_M3_U_preview.png,figure_data\model\F04_oof_prediction_species_M3_U.csv,205.0,125.0,OOF posterior mean of m and interval-event probability,Original observed intervals; event probability posterior interval,READY,COMPLETED_BY_REVIEWER,figures\model\F04_oof_prediction_species_M3_U_provenance.json
F04_oof_prediction_species_M3_P,quantitative,species,F04_oof_prediction_observation_species.pdf,F04_oof_prediction_species_M3_P.svg,F04_oof_prediction_species_M3_P.png,F04_oof_prediction_species_M3_P_preview.png,figure_data\model\F04_oof_prediction_species_M3_P.csv,205.0,125.0,OOF posterior mean of m and interval-event probability,Original observed intervals; event probability posterior interval,READY,COMPLETED_BY_REVIEWER,figures\model\F04_oof_prediction_species_M3_P_provenance.json
F04_oof_prediction_phylo_distance_Null_U,quantitative,phylo_distance,F04_oof_prediction_observation_phylo_distance.pdf,F04_oof_prediction_phylo_distance_Null_U.svg,F04_oof_prediction_phylo_distance_Null_U.png,F04_oof_prediction_phylo_distance_Null_U_preview.png,figure_data\model\F04_oof_prediction_phylo_distance_Null_U.csv,205.0,125.0,OOF posterior mean of m and interval-event probability,Original observed intervals; event probability posterior interval,READY,COMPLETED_BY_REVIEWER,figures\model\F04_oof_prediction_phylo_distance_Null_U_provenance.json
F04_oof_prediction_phylo_distance_Phylogeny_only_P,quantitative,phylo_distance,F04_oof_prediction_observation_phylo_distance.pdf,F04_oof_prediction_phylo_distance_Phylogeny_only_P.svg,F04_oof_prediction_phylo_distance_Phylogeny_only_P.png,F04_oof_prediction_phylo_distance_Phylogeny_only_P_preview.png,figure_data\model\F04_oof_prediction_phylo_distance_Phylogeny_only_P.csv,205.0,125.0,OOF posterior mean of m and interval-event probability,Original observed intervals; event probability posterior interval,READY,COMPLETED_BY_REVIEWER,figures\model\F04_oof_prediction_phylo_distance_Phylogeny_only_P_provenance.json
F04_oof_prediction_phylo_distance_Site315_U,quantitative,phylo_distance,F04_oof_prediction_observation_phylo_distance.pdf,F04_oof_prediction_phylo_distance_Site315_U.svg,F04_oof_prediction_phylo_distance_Site315_U.png,F04_oof_prediction_phylo_distance_Site315_U_preview.png,figure_data\model\F04_oof_prediction_phylo_distance_Site315_U.csv,205.0,125.0,OOF posterior mean of m and interval-event probability,Original observed intervals; event probability posterior interval,READY,COMPLETED_BY_REVIEWER,figures\model\F04_oof_prediction_phylo_distance_Site315_U_provenance.json
F04_oof_prediction_phylo_distance_Site315_P,quantitative,phylo_distance,F04_oof_prediction_observation_phylo_distance.pdf,F04_oof_prediction_phylo_distance_Site315_P.svg,F04_oof_prediction_phylo_distance_Site315_P.png,F04_oof_prediction_phylo_distance_Site315_P_preview.png,figure_data\model\F04_oof_prediction_phylo_distance_Site315_P.csv,205.0,125.0,OOF posterior mean of m and interval-event probability,Original observed intervals; event probability posterior interval,READY,COMPLETED_BY_REVIEWER,figures\model\F04_oof_prediction_phylo_distance_Site315_P_provenance.json
F04_oof_prediction_phylo_distance_M1_U,quantitative,phylo_distance,F04_oof_prediction_observation_phylo_distance.pdf,F04_oof_prediction_phylo_distance_M1_U.svg,F04_oof_prediction_phylo_distance_M1_U.png,F04_oof_prediction_phylo_distance_M1_U_preview.png,figure_data\model\F04_oof_prediction_phylo_distance_M1_U.csv,205.0,125.0,OOF posterior mean of m and interval-event probability,Original observed intervals; event probability posterior interval,READY,COMPLETED_BY_REVIEWER,figures\model\F04_oof_prediction_phylo_distance_M1_U_provenance.json
F04_oof_prediction_phylo_distance_M1_P,quantitative,phylo_distance,F04_oof_prediction_observation_phylo_distance.pdf,F04_oof_prediction_phylo_distance_M1_P.svg,F04_oof_prediction_phylo_distance_M1_P.png,F04_oof_prediction_phylo_distance_M1_P_preview.png,figure_data\model\F04_oof_prediction_phylo_distance_M1_P.csv,205.0,125.0,OOF posterior mean of m and interval-event probability,Original observed intervals; event probability posterior interval,READY,COMPLETED_BY_REVIEWER,figures\model\F04_oof_prediction_phylo_distance_M1_P_provenance.json
F04_oof_prediction_phylo_distance_M2_U,quantitative,phylo_distance,F04_oof_prediction_observation_phylo_distance.pdf,F04_oof_prediction_phylo_distance_M2_U.svg,F04_oof_prediction_phylo_distance_M2_U.png,F04_oof_prediction_phylo_distance_M2_U_preview.png,figure_data\model\F04_oof_prediction_phylo_distance_M2_U.csv,205.0,125.0,OOF posterior mean of m and interval-event probability,Original observed intervals; event probability posterior interval,READY,COMPLETED_BY_REVIEWER,figures\model\F04_oof_prediction_phylo_distance_M2_U_provenance.json
F04_oof_prediction_phylo_distance_M2_P,quantitative,phylo_distance,F04_oof_prediction_observation_phylo_distance.pdf,F04_oof_prediction_phylo_distance_M2_P.svg,F04_oof_prediction_phylo_distance_M2_P.png,F04_oof_prediction_phylo_distance_M2_P_preview.png,figure_data\model\F04_oof_prediction_phylo_distance_M2_P.csv,205.0,125.0,OOF posterior mean of m and interval-event probability,Original observed intervals; event probability posterior interval,READY,COMPLETED_BY_REVIEWER,figures\model\F04_oof_prediction_phylo_distance_M2_P_provenance.json
F04_oof_prediction_phylo_distance_M3_U,quantitative,phylo_distance,F04_oof_prediction_observation_phylo_distance.pdf,F04_oof_prediction_phylo_distance_M3_U.svg,F04_oof_prediction_phylo_distance_M3_U.png,F04_oof_prediction_phylo_distance_M3_U_preview.png,figure_data\model\F04_oof_prediction_phylo_distance_M3_U.csv,205.0,125.0,OOF posterior mean of m and interval-event probability,Original observed intervals; event probability posterior interval,READY,COMPLETED_BY_REVIEWER,figures\model\F04_oof_prediction_phylo_distance_M3_U_provenance.json
F04_oof_prediction_phylo_distance_M3_P,quantitative,phylo_distance,F04_oof_prediction_observation_phylo_distance.pdf,F04_oof_prediction_phylo_distance_M3_P.svg,F04_oof_prediction_phylo_distance_M3_P.png,F04_oof_prediction_phylo_distance_M3_P_preview.png,figure_data\model\F04_oof_prediction_phylo_distance_M3_P.csv,205.0,125.0,OOF posterior mean of m and interval-event probability,Original observed intervals; event probability posterior interval,READY,COMPLETED_BY_REVIEWER,figures\model\F04_oof_prediction_phylo_distance_M3_P_provenance.json
F03_roc_calibration_species_Null_U,roc_calibration,species,F03_roc_calibration_species.pdf,F03_roc_calibration_species_Null_U.svg,F03_roc_calibration_species_Null_U.png,F03_roc_calibration_species_Null_U_preview.png,figure_data\model\F03_roc_calibration_species_Null_U.csv,205.0,190.0,OOF discrimination and descriptive probability calibration,No invented AUC or calibration confidence interval,DEFINED,COMPLETED_BY_REVIEWER,figures\model\F03_roc_calibration_species_Null_U_provenance.json
F03_roc_calibration_species_Phylogeny_only_P,roc_calibration,species,F03_roc_calibration_species.pdf,F03_roc_calibration_species_Phylogeny_only_P.svg,F03_roc_calibration_species_Phylogeny_only_P.png,F03_roc_calibration_species_Phylogeny_only_P_preview.png,figure_data\model\F03_roc_calibration_species_Phylogeny_only_P.csv,205.0,190.0,OOF discrimination and descriptive probability calibration,No invented AUC or calibration confidence interval,DEFINED,COMPLETED_BY_REVIEWER,figures\model\F03_roc_calibration_species_Phylogeny_only_P_provenance.json
F03_roc_calibration_species_Site315_U,roc_calibration,species,F03_roc_calibration_species.pdf,F03_roc_calibration_species_Site315_U.svg,F03_roc_calibration_species_Site315_U.png,F03_roc_calibration_species_Site315_U_preview.png,figure_data\model\F03_roc_calibration_species_Site315_U.csv,205.0,190.0,OOF discrimination and descriptive probability calibration,No invented AUC or calibration confidence interval,DEFINED,COMPLETED_BY_REVIEWER,figures\model\F03_roc_calibration_species_Site315_U_provenance.json
F03_roc_calibration_species_Site315_P,roc_calibration,species,F03_roc_calibration_species.pdf,F03_roc_calibration_species_Site315_P.svg,F03_roc_calibration_species_Site315_P.png,F03_roc_calibration_species_Site315_P_preview.png,figure_data\model\F03_roc_calibration_species_Site315_P.csv,205.0,190.0,OOF discrimination and descriptive probability calibration,No invented AUC or calibration confidence interval,DEFINED,COMPLETED_BY_REVIEWER,figures\model\F03_roc_calibration_species_Site315_P_provenance.json
F03_roc_calibration_species_M1_U,roc_calibration,species,F03_roc_calibration_species.pdf,F03_roc_calibration_species_M1_U.svg,F03_roc_calibration_species_M1_U.png,F03_roc_calibration_species_M1_U_preview.png,figure_data\model\F03_roc_calibration_species_M1_U.csv,205.0,190.0,OOF discrimination and descriptive probability calibration,No invented AUC or calibration confidence interval,DEFINED,COMPLETED_BY_REVIEWER,figures\model\F03_roc_calibration_species_M1_U_provenance.json
F03_roc_calibration_species_M1_P,roc_calibration,species,F03_roc_calibration_species.pdf,F03_roc_calibration_species_M1_P.svg,F03_roc_calibration_species_M1_P.png,F03_roc_calibration_species_M1_P_preview.png,figure_data\model\F03_roc_calibration_species_M1_P.csv,205.0,190.0,OOF discrimination and descriptive probability calibration,No invented AUC or calibration confidence interval,DEFINED,COMPLETED_BY_REVIEWER,figures\model\F03_roc_calibration_species_M1_P_provenance.json
F03_roc_calibration_species_M2_U,roc_calibration,species,F03_roc_calibration_species.pdf,F03_roc_calibration_species_M2_U.svg,F03_roc_calibration_species_M2_U.png,F03_roc_calibration_species_M2_U_preview.png,figure_data\model\F03_roc_calibration_species_M2_U.csv,205.0,190.0,OOF discrimination and descriptive probability calibration,No invented AUC or calibration confidence interval,DEFINED,COMPLETED_BY_REVIEWER,figures\model\F03_roc_calibration_species_M2_U_provenance.json
F03_roc_calibration_species_M2_P,roc_calibration,species,F03_roc_calibration_species.pdf,F03_roc_calibration_species_M2_P.svg,F03_roc_calibration_species_M2_P.png,F03_roc_calibration_species_M2_P_preview.png,figure_data\model\F03_roc_calibration_species_M2_P.csv,205.0,190.0,OOF discrimination and descriptive probability calibration,No invented AUC or calibration confidence interval,DEFINED,COMPLETED_BY_REVIEWER,figures\model\F03_roc_calibration_species_M2_P_provenance.json
F03_roc_calibration_species_M3_U,roc_calibration,species,F03_roc_calibration_species.pdf,F03_roc_calibration_species_M3_U.svg,F03_roc_calibration_species_M3_U.png,F03_roc_calibration_species_M3_U_preview.png,figure_data\model\F03_roc_calibration_species_M3_U.csv,205.0,190.0,OOF discrimination and descriptive probability calibration,No invented AUC or calibration confidence interval,DEFINED,COMPLETED_BY_REVIEWER,figures\model\F03_roc_calibration_species_M3_U_provenance.json
F03_roc_calibration_species_M3_P,roc_calibration,species,F03_roc_calibration_species.pdf,F03_roc_calibration_species_M3_P.svg,F03_roc_calibration_species_M3_P.png,F03_roc_calibration_species_M3_P_preview.png,figure_data\model\F03_roc_calibration_species_M3_P.csv,205.0,190.0,OOF discrimination and descriptive probability calibration,No invented AUC or calibration confidence interval,DEFINED,COMPLETED_BY_REVIEWER,figures\model\F03_roc_calibration_species_M3_P_provenance.json
F02_auc_summary_species,roc_calibration,species,F02_auc_summary_species.pdf,F02_auc_summary_species.svg,F02_auc_summary_species.png,F02_auc_summary_species_preview.png,figure_data\model\F02_auc_summary_species.csv,180.0,155.0,Unweighted mean of all fold AUCs,"Fold values, not confidence intervals",READY,COMPLETED_BY_REVIEWER,figures\model\F02_auc_summary_species_provenance.json
F03_roc_calibration_phylo_distance_Null_U,roc_calibration,phylo_distance,F03_roc_calibration_phylo_distance.pdf,F03_roc_calibration_phylo_distance_Null_U.svg,F03_roc_calibration_phylo_distance_Null_U.png,F03_roc_calibration_phylo_distance_Null_U_preview.png,figure_data\model\F03_roc_calibration_phylo_distance_Null_U.csv,205.0,190.0,OOF discrimination and descriptive probability calibration,No invented AUC or calibration confidence interval,AUC_UNDEFINED_ONE_CLASS_FOLD,COMPLETED_BY_REVIEWER,figures\model\F03_roc_calibration_phylo_distance_Null_U_provenance.json
F03_roc_calibration_phylo_distance_Phylogeny_only_P,roc_calibration,phylo_distance,F03_roc_calibration_phylo_distance.pdf,F03_roc_calibration_phylo_distance_Phylogeny_only_P.svg,F03_roc_calibration_phylo_distance_Phylogeny_only_P.png,F03_roc_calibration_phylo_distance_Phylogeny_only_P_preview.png,figure_data\model\F03_roc_calibration_phylo_distance_Phylogeny_only_P.csv,205.0,190.0,OOF discrimination and descriptive probability calibration,No invented AUC or calibration confidence interval,AUC_UNDEFINED_ONE_CLASS_FOLD,COMPLETED_BY_REVIEWER,figures\model\F03_roc_calibration_phylo_distance_Phylogeny_only_P_provenance.json
F03_roc_calibration_phylo_distance_Site315_U,roc_calibration,phylo_distance,F03_roc_calibration_phylo_distance.pdf,F03_roc_calibration_phylo_distance_Site315_U.svg,F03_roc_calibration_phylo_distance_Site315_U.png,F03_roc_calibration_phylo_distance_Site315_U_preview.png,figure_data\model\F03_roc_calibration_phylo_distance_Site315_U.csv,205.0,190.0,OOF discrimination and descriptive probability calibration,No invented AUC or calibration confidence interval,AUC_UNDEFINED_ONE_CLASS_FOLD,COMPLETED_BY_REVIEWER,figures\model\F03_roc_calibration_phylo_distance_Site315_U_provenance.json
F03_roc_calibration_phylo_distance_Site315_P,roc_calibration,phylo_distance,F03_roc_calibration_phylo_distance.pdf,F03_roc_calibration_phylo_distance_Site315_P.svg,F03_roc_calibration_phylo_distance_Site315_P.png,F03_roc_calibration_phylo_distance_Site315_P_preview.png,figure_data\model\F03_roc_calibration_phylo_distance_Site315_P.csv,205.0,190.0,OOF discrimination and descriptive probability calibration,No invented AUC or calibration confidence interval,AUC_UNDEFINED_ONE_CLASS_FOLD,COMPLETED_BY_REVIEWER,figures\model\F03_roc_calibration_phylo_distance_Site315_P_provenance.json
F03_roc_calibration_phylo_distance_M1_U,roc_calibration,phylo_distance,F03_roc_calibration_phylo_distance.pdf,F03_roc_calibration_phylo_distance_M1_U.svg,F03_roc_calibration_phylo_distance_M1_U.png,F03_roc_calibration_phylo_distance_M1_U_preview.png,figure_data\model\F03_roc_calibration_phylo_distance_M1_U.csv,205.0,190.0,OOF discrimination and descriptive probability calibration,No invented AUC or calibration confidence interval,AUC_UNDEFINED_ONE_CLASS_FOLD,COMPLETED_BY_REVIEWER,figures\model\F03_roc_calibration_phylo_distance_M1_U_provenance.json
F03_roc_calibration_phylo_distance_M1_P,roc_calibration,phylo_distance,F03_roc_calibration_phylo_distance.pdf,F03_roc_calibration_phylo_distance_M1_P.svg,F03_roc_calibration_phylo_distance_M1_P.png,F03_roc_calibration_phylo_distance_M1_P_preview.png,figure_data\model\F03_roc_calibration_phylo_distance_M1_P.csv,205.0,190.0,OOF discrimination and descriptive probability calibration,No invented AUC or calibration confidence interval,AUC_UNDEFINED_ONE_CLASS_FOLD,COMPLETED_BY_REVIEWER,figures\model\F03_roc_calibration_phylo_distance_M1_P_provenance.json
F03_roc_calibration_phylo_distance_M2_U,roc_calibration,phylo_distance,F03_roc_calibration_phylo_distance.pdf,F03_roc_calibration_phylo_distance_M2_U.svg,F03_roc_calibration_phylo_distance_M2_U.png,F03_roc_calibration_phylo_distance_M2_U_preview.png,figure_data\model\F03_roc_calibration_phylo_distance_M2_U.csv,205.0,190.0,OOF discrimination and descriptive probability calibration,No invented AUC or calibration confidence interval,AUC_UNDEFINED_ONE_CLASS_FOLD,COMPLETED_BY_REVIEWER,figures\model\F03_roc_calibration_phylo_distance_M2_U_provenance.json
F03_roc_calibration_phylo_distance_M2_P,roc_calibration,phylo_distance,F03_roc_calibration_phylo_distance.pdf,F03_roc_calibration_phylo_distance_M2_P.svg,F03_roc_calibration_phylo_distance_M2_P.png,F03_roc_calibration_phylo_distance_M2_P_preview.png,figure_data\model\F03_roc_calibration_phylo_distance_M2_P.csv,205.0,190.0,OOF discrimination and descriptive probability calibration,No invented AUC or calibration confidence interval,AUC_UNDEFINED_ONE_CLASS_FOLD,COMPLETED_BY_REVIEWER,figures\model\F03_roc_calibration_phylo_distance_M2_P_provenance.json
F03_roc_calibration_phylo_distance_M3_U,roc_calibration,phylo_distance,F03_roc_calibration_phylo_distance.pdf,F03_roc_calibration_phylo_distance_M3_U.svg,F03_roc_calibration_phylo_distance_M3_U.png,F03_roc_calibration_phylo_distance_M3_U_preview.png,figure_data\model\F03_roc_calibration_phylo_distance_M3_U.csv,205.0,190.0,OOF discrimination and descriptive probability calibration,No invented AUC or calibration confidence interval,AUC_UNDEFINED_ONE_CLASS_FOLD,COMPLETED_BY_REVIEWER,figures\model\F03_roc_calibration_phylo_distance_M3_U_provenance.json
F03_roc_calibration_phylo_distance_M3_P,roc_calibration,phylo_distance,F03_roc_calibration_phylo_distance.pdf,F03_roc_calibration_phylo_distance_M3_P.svg,F03_roc_calibration_phylo_distance_M3_P.png,F03_roc_calibration_phylo_distance_M3_P_preview.png,figure_data\model\F03_roc_calibration_phylo_distance_M3_P.csv,205.0,190.0,OOF discrimination and descriptive probability calibration,No invented AUC or calibration confidence interval,AUC_UNDEFINED_ONE_CLASS_FOLD,COMPLETED_BY_REVIEWER,figures\model\F03_roc_calibration_phylo_distance_M3_P_provenance.json
F02_auc_summary_phylo_distance,roc_calibration,phylo_distance,F02_auc_summary_phylo_distance.pdf,F02_auc_summary_phylo_distance.svg,F02_auc_summary_phylo_distance.png,F02_auc_summary_phylo_distance_preview.png,figure_data\model\F02_auc_summary_phylo_distance.csv,180.0,155.0,Unweighted mean of all fold AUCs,"Fold values, not confidence intervals",READY,COMPLETED_BY_REVIEWER,figures\model\F02_auc_summary_phylo_distance_provenance.json
